Row number,Date,Mainland Air Temp,Humidity (%),Direction (A),Wind Speed (A),Gusting,Atmospheric Pressure (IN),Precipitation Rate,Bay Temp,Salinity,LBI Air Temp,Ocean Temp,Onshore,upwelling_flag,upwelling_pred_naive
1669,2025-08-09 11:00:00,24.4,53.0,3,6.3,11.3,30.22,0.0,23.71,29.04,22.7,23.4,1,0,0
1670,2025-08-09 12:00:00,25.2,53.0,2,7.0,11.9,30.22,0.0,24.05,28.52,22.4,23.4,1,0,0
1671,2025-08-09 13:00:00,25.2,49.0,1,5.3,10.8,30.2,0.0,24.37,28.54,22.9,23.5,1,0,0
1672,2025-08-09 14:00:00,25.3,45.0,3,5.5,11.3,30.19,0.0,24.46,28.65,23.3,23.4,1,0,0
1673,2025-08-09 15:00:00,25.1,48.0,2,4.7,9.2,30.17,0.0,24.67,28.37,23.3,23.5,1,0,0
1674,2025-08-09 16:00:00,25.7,49.0,4,2.5,5.1,30.17,0.0,24.75,28.27,23.3,23.7,1,0,0
1675,2025-08-09 17:00:00,25.2,53.0,4,2.7,6.3,30.16,0.0,24.85,28.61,23.4,23.7,1,0,0
1676,2025-08-09 18:00:00,24.5,57.0,3,3.3,6.6,30.16,0.0,24.63,28.76,23.4,23.8,1,0,0
1677,2025-08-09 19:00:00,23.7,63.0,6,1.4,3.1,30.17,0.0,24.76,28.78,23.5,24.0,1,0,0
1678,2025-08-09 20:00:00,22.2,69.0,4,0.9,1.9,30.17,0.0,24.92,28.94,22.7,24.2,1,0,0
1679,2025-08-09 21:00:00,18.8,79.0,6,0.0,0.1,30.19,0.0,24.63,29.44,22.3,24.3,1,0,0
1680,2025-08-09 22:00:00,17.6,84.0,0,0.0,0.3,30.19,0.0,24.56,29.46,22.1,24.3,0,0,0
1681,2025-08-09 23:00:00,16.7,86.0,6,1.4,2.6,30.19,0.0,24.3,29.91,21.9,24.3,1,0,0
1682,2025-08-10 00:00:00,16.6,87.0,0,1.3,2.6,30.19,0.0,24.58,29.38,21.9,24.0,0,0,0
1683,2025-08-10 01:00:00,16.3,89.0,0,2.7,4.3,30.19,0.0,24.34,28.82,20.7,24.1,0,0,0
1684,2025-08-10 02:00:00,16.4,90.0,12,2.4,3.8,30.19,0.0,24.58,28.82,20.1,23.8,0,0,0
1685,2025-08-10 03:00:00,16.2,90.0,14,1.3,2.8,30.19,0.0,24.42,28.51,20.1,23.8,0,0,0
1686,2025-08-10 04:00:00,15.8,91.0,9,2.0,3.0,30.19,0.0,24.21,28.3,19.7,23.7,0,0,0
1687,2025-08-10 05:00:00,15.0,92.0,13,0.9,4.0,30.19,0.0,23.91,27.69,19.6,23.7,0,0,0
1688,2025-08-10 06:00:00,15.1,93.0,14,2.0,4.0,30.2,0.0,23.9,27.52,19.2,23.7,0,0,0
1689,2025-08-10 07:00:00,17.8,94.0,11,0.9,4.0,30.22,0.0,23.74,27.68,18.8,23.7,0,0,0
1690,2025-08-10 08:00:00,18.6,95.0,9,0.9,2.0,30.21,0.0,23.72,28.33,20.1,23.7,0,0,0
1691,2025-08-10 09:00:00,21.1,90.0,12,4.0,8.0,30.22,0.0,23.91,28.71,21.7,23.7,0,0,0
1692,2025-08-10 10:00:00,24.7,65.0,3,2.9,3.0,30.22,0.0,24.13,28.77,23.3,23.7,1,0,0
1693,2025-08-10 11:00:00,28.9,50.0,0,2.0,3.0,30.21,0.0,24.33,28.59,24.1,23.7,0,0,0
1694,2025-08-10 12:00:00,29.3,47.0,5,3.4,6.3,30.21,0.0,24.57,28.77,24.9,23.6,0,0,0
1695,2025-08-10 13:00:00,30.1,46.0,5,3.3,8.0,30.2,0.0,24.67,28.86,24.8,23.7,0,0,0
1696,2025-08-10 14:00:00,31.1,40.0,5,3.1,7.4,30.21,0.0,24.84,28.86,25.0,23.8,0,0,0
1697,2025-08-10 15:00:00,31.7,40.0,8,4.7,7.0,30.21,0.0,25.23,28.82,25.3,24.1,1,0,0
1698,2025-08-10 16:00:00,32.3,31.0,9,7.4,11.4,30.21,0.0,25.3,28.58,25.6,24.5,0,0,0
1699,2025-08-10 17:00:00,30.7,39.0,8,5.1,9.1,30.2,0.0,25.37,28.29,25.4,24.7,1,0,0
1700,2025-08-10 18:00:00,28.7,40.0,9,6.2,9.3,30.2,0.0,25.12,28.45,25.4,25.0,0,0,0
1701,2025-08-10 19:00:00,26.9,48.0,9,6.7,9.5,30.19,0.0,24.86,28.65,24.9,25.0,0,0,0
1702,2025-08-10 20:00:00,24.1,64.0,0,4.9,8.5,30.19,0.0,24.96,28.82,24.2,24.8,0,0,0
1703,2025-08-10 21:00:00,22.3,71.0,0,2.3,3.9,30.19,0.0,25.51,28.88,23.8,24.7,0,0,0
1704,2025-08-10 22:00:00,20.9,78.0,9,2.2,3.6,30.19,0.0,25.15,29.29,23.7,26.6,0,0,0
1705,2025-08-10 23:00:00,19.8,73.0,0,1.9,3.4,30.19,0.0,25.12,29.1,23.6,24.5,0,0,0
1706,2025-08-11 00:00:00,19.1,86.0,0,1.3,3.0,30.19,0.0,24.86,29.39,22.9,24.3,0,0,0
1707,2025-08-11 01:00:00,18.3,88.0,0,1.8,3.0,30.18,0.0,24.87,28.81,22.1,24.2,0,0,0
1708,2025-08-11 02:00:00,18.1,90.0,0,2.1,3.5,30.18,0.0,24.83,28.7,21.2,24.2,0,0,0
1709,2025-08-11 03:00:00,17.9,91.0,0,2.2,4.9,30.16,0.0,24.73,28.68,21.4,24.1,0,0,0
1710,2025-08-11 04:00:00,17.4,91.0,0,3.2,5.9,30.17,0.0,24.67,28.65,21.3,24.0,0,0,0
1711,2025-08-11 05:00:00,17.1,92.0,0,2.4,3.9,30.17,0.0,24.44,28.2,21.0,24.0,0,0,0
1712,2025-08-11 06:00:00,17.0,93.0,0,2.5,4.3,30.19,0.0,24.4,28.34,21.2,24.0,0,0,0
1713,2025-08-11 07:00:00,17.1,93.0,0,1.5,2.9,30.2,0.0,24.32,28.32,20.4,23.9,0,0,0
1714,2025-08-11 08:00:00,19.0,94.0,11,1.2,2.8,30.21,0.0,24.31,28.43,21.3,23.9,0,0,0
1715,2025-08-11 09:00:00,22.3,89.0,10,3.4,5.0,30.21,0.0,24.5,28.74,22.2,23.9,0,0,0
1716,2025-08-11 10:00:00,25.8,68.0,14,1.5,4.0,30.21,0.0,24.55,28.89,23.4,23.9,0,0,0
1717,2025-08-11 11:00:00,29.8,52.0,8,4.3,6.7,30.19,0.0,24.72,28.99,24.9,23.8,1,0,0
1718,2025-08-11 12:00:00,32.1,47.0,8,6.8,8.6,30.19,0.0,24.95,28.85,25.2,23.9,1,0,0
1719,2025-08-11 13:00:00,31.9,41.0,7,4.5,9.4,30.18,0.0,25.14,28.94,24.9,24.0,1,0,0
1720,2025-08-11 14:00:00,32.8,38.0,9,7.1,9.7,30.16,0.0,25.29,28.86,25.4,24.0,0,0,0
1721,2025-08-11 15:00:00,30.3,35.0,8,6.3,11.7,30.15,0.0,25.43,28.83,25.2,24.4,1,0,0
1722,2025-08-11 16:00:00,29.3,41.0,7,5.6,9.8,30.14,0.0,25.51,28.75,25.4,25.0,1,0,0
1723,2025-08-11 17:00:00,28.8,45.0,8,7.6,10.9,30.13,0.0,25.64,28.76,25.6,24.8,1,0,0
1724,2025-08-11 18:00:00,26.8,56.0,9,7.0,10.6,30.12,0.0,25.52,28.88,25.0,25.1,0,0,0
1725,2025-08-11 19:00:00,25.3,62.0,8,7.8,11.1,30.12,0.0,25.53,28.81,24.6,25.2,1,0,0
1726,2025-08-11 20:00:00,23.6,69.0,0,4.8,6.8,30.11,0.0,25.35,28.83,24.1,25.1,0,0,0
1727,2025-08-11 21:00:00,22.1,77.0,0,3.9,6.7,30.12,0.0,25.26,29.04,23.9,25.1,0,0,0
1728,2025-08-11 22:00:00,21.6,83.0,0,3.6,5.1,30.12,0.0,25.7,29.08,23.8,24.9,0,0,0
1729,2025-08-11 23:00:00,20.9,85.0,0,1.9,3.5,30.11,0.0,25.4,29.27,23.8,24.7,0,0,0
1730,2025-08-12 00:00:00,20.2,87.0,0,1.6,2.9,30.11,0.0,25.25,29.18,24.0,24.5,0,0,0
1731,2025-08-12 01:00:00,19.4,89.0,0,2.1,4.2,30.1,0.0,24.87,29.39,23.2,24.4,0,0,0
1732,2025-08-12 02:00:00,19.1,90.0,0,2.5,4.3,30.08,0.0,24.75,28.87,23.3,24.3,0,0,0
1733,2025-08-12 03:00:00,18.8,90.0,0,1.7,3.8,30.07,0.0,24.84,28.77,23.3,24.2,0,0,0
1734,2025-08-12 04:00:00,18.4,91.0,0,1.5,3.2,30.06,0.0,24.81,28.64,22.7,24.2,0,0,0
1735,2025-08-12 05:00:00,18.6,92.0,0,2.1,3.3,30.07,0.0,25.0,28.67,22.4,24.2,0,0,0
1736,2025-08-12 06:00:00,18.7,93.0,0,1.0,1.9,30.07,0.0,24.8,28.26,21.9,24.2,0,0,0
1737,2025-08-12 07:00:00,18.8,94.0,0,1.7,3.5,30.08,0.0,24.78,28.23,21.3,24.2,0,0,0
1738,2025-08-12 08:00:00,19.9,95.0,0,1.9,4.3,30.08,0.0,24.75,28.4,21.0,24.2,0,0,0
1739,2025-08-12 09:00:00,21.8,95.0,12,2.5,4.0,30.08,0.0,24.87,28.66,21.9,24.1,0,0,0
1740,2025-08-12 10:00:00,25.1,93.0,10,2.0,3.9,30.07,0.0,24.94,28.94,23.3,24.1,0,0,0
1741,2025-08-12 11:00:00,31.2,61.0,11,3.6,5.2,30.05,0.0,25.02,29.12,24.8,24.1,0,0,0
1742,2025-08-12 12:00:00,33.3,57.0,9,7.3,10.8,30.03,0.0,25.4,29.05,25.9,24.1,0,0,0
1743,2025-08-12 13:00:00,31.2,62.0,8,8.5,12.4,30.02,0.0,25.38,29.5,25.4,24.2,1,0,0
1744,2025-08-12 14:00:00,30.5,64.0,8,10.0,16.3,30.0,0.0,26.07,29.13,25.9,24.3,1,0,0
1745,2025-08-12 15:00:00,30.0,66.0,8,9.7,14.7,29.99,0.0,26.06,29.07,26.0,24.5,1,0,0
1746,2025-08-12 16:00:00,30.1,66.0,9,10.7,16.4,29.98,0.0,26.0,29.14,26.0,24.8,0,0,0
1747,2025-08-12 17:00:00,28.9,70.0,9,7.6,13.8,29.98,0.0,25.94,29.06,26.0,24.8,0,0,0
1748,2025-08-12 18:00:00,28.1,72.0,8,10.4,17.3,29.96,0.0,25.9,29.98,25.9,24.7,1,0,0
1749,2025-08-12 19:00:00,27.2,73.0,9,9.7,14.4,29.95,0.0,25.95,29.15,25.8,24.7,0,0,0
1750,2025-08-12 20:00:00,25.3,81.0,9,8.2,12.0,29.96,0.0,25.97,29.44,25.4,24.6,0,0,0
1751,2025-08-12 21:00:00,24.3,86.0,8,7.6,10.5,29.96,0.0,25.74,29.42,25.3,24.5,1,0,0
1752,2025-08-12 22:00:00,23.7,89.0,9,4.5,7.1,29.96,0.0,25.86,29.34,25.3,24.5,0,0,0
1753,2025-08-12 23:00:00,23.3,91.0,9,2.7,5.2,29.95,0.0,26.19,29.51,25.2,24.5,0,0,0
1754,2025-08-13 00:00:00,22.9,92.0,0,3.0,5.5,29.93,0.0,25.86,29.53,25.3,24.4,0,0,0
1755,2025-08-13 01:00:00,22.7,93.0,0,2.2,4.2,29.93,0.0,25.66,29.39,25.4,24.3,0,0,0
1756,2025-08-13 02:00:00,22.2,93.0,0,2.3,3.8,29.92,0.0,25.4,29.16,25.0,24.3,0,0,0
1757,2025-08-13 03:00:00,21.9,94.0,0,1.1,2.0,29.92,0.0,25.58,29.11,25.0,24.3,0,0,0
1758,2025-08-13 04:00:00,21.8,94.0,0,1.1,2.3,29.91,0.0,25.57,28.78,24.8,24.2,0,0,0
1759,2025-08-13 05:00:00,21.7,94.0,0,1.6,2.9,29.9,0.0,25.62,28.81,24.8,24.2,0,0,0
1760,2025-08-13 06:00:00,21.3,94.0,0,1.7,2.6,29.91,0.0,25.54,28.28,24.9,24.2,0,0,0
1761,2025-08-13 07:00:00,21.8,95.0,0,2.2,3.6,29.91,0.0,25.47,28.0,24.8,24.2,0,0,0
1762,2025-08-13 08:00:00,23.8,96.0,8,2.9,5.1,29.91,0.0,25.7,27.75,24.6,24.2,1,0,0
1763,2025-08-13 09:00:00,24.7,96.0,9,6.3,9.9,29.91,0.0,25.55,28.57,25.0,24.2,0,0,0
1764,2025-08-13 10:00:00,26.7,88.0,9,7.7,11.8,29.91,0.0,25.59,29.12,25.7,24.3,0,0,0
1765,2025-08-13 11:00:00,29.8,73.0,9,9.2,13.3,29.91,0.0,25.69,29.28,26.7,24.3,0,0,0
1766,2025-08-13 12:00:00,29.5,72.0,9,7.7,12.4,29.9,0.0,25.92,29.43,26.7,24.3,0,0,0
1767,2025-08-13 13:00:00,30.4,71.0,9,7.4,11.0,29.88,0.0,26.13,29.38,26.8,24.3,0,0,0
1768,2025-08-13 14:00:00,30.9,69.0,8,8.9,12.8,29.85,0.0,26.02,29.96,26.9,24.3,1,0,0
1769,2025-08-13 15:00:00,30.4,71.0,9,11.1,17.7,29.83,0.0,26.59,29.49,27.1,24.4,0,0,0
1770,2025-08-13 16:00:00,31.3,71.0,9,7.7,15.3,29.81,0.0,26.57,29.42,27.0,24.4,0,0,0
1771,2025-08-13 17:00:00,29.2,77.0,8,9.7,15.0,29.8,0.0,26.43,29.52,26.9,24.5,1,0,0
1772,2025-08-13 18:00:00,27.3,82.0,9,9.6,14.1,29.82,0.0,26.48,29.41,26.3,24.6,0,0,0
1773,2025-08-13 19:00:00,26.2,75.0,8,8.9,12.5,29.8,0.0,26.49,29.3,25.8,24.7,1,0,0
1774,2025-08-13 20:00:00,25.7,88.0,9,4.8,9.9,29.83,0.0,26.39,29.37,26.2,24.8,0,0,0
1775,2025-08-13 21:00:00,23.7,90.0,0,3.7,6.6,29.84,0.14,26.37,29.44,24.7,24.7,0,0,0
1776,2025-08-13 22:00:00,23.1,92.0,0,1.2,3.0,29.93,0.0,26.42,29.44,24.8,24.7,0,0,0
1777,2025-08-13 23:00:00,23.1,93.0,0,1.4,3.4,29.82,0.01,26.14,29.68,24.3,24.7,0,0,0
1778,2025-08-14 00:00:00,23.1,93.0,7,0.7,2.1,29.83,0.02,26.2,29.78,24.3,24.6,1,0,0
1779,2025-08-14 01:00:00,22.8,94.0,7,0.1,0.6,29.82,0.0,26.26,29.66,25.0,24.6,1,0,0
1780,2025-08-14 02:00:00,22.8,94.0,9,0.5,1.4,29.82,0.0,26.12,29.54,25.0,24.7,0,0,0
1781,2025-08-14 03:00:00,22.7,94.0,7,0.0,0.3,29.8,0.0,26.06,29.54,24.8,24.7,1,0,0
1782,2025-08-14 04:00:00,22.5,94.0,9,0.1,0.3,29.8,0.0,26.16,29.13,24.9,24.8,0,0,0
1783,2025-08-14 05:00:00,22.5,95.0,1,1.2,1.9,29.81,0.0,26.46,28.78,25.0,24.7,1,0,0
1784,2025-08-14 06:00:00,22.2,95.0,0,0.7,1.5,29.82,0.0,26.33,28.97,24.9,24.7,0,0,0
1785,2025-08-14 07:00:00,22.1,95.0,0,1.1,3.0,29.83,0.0,26.18,28.4,25.1,24.7,0,0,0
1786,2025-08-14 08:00:00,23.1,96.0,15,0.5,1.6,29.83,0.0,26.43,28.06,24.8,24.7,0,0,0
1787,2025-08-14 09:00:00,25.3,96.0,14,1.0,2.4,29.95,0.01,26.44,28.0,25.3,24.7,0,0,0
1788,2025-08-14 10:00:00,26.4,92.0,1,2.0,4.1,29.96,0.0,26.19,28.86,25.7,24.6,1,0,0
1789,2025-08-14 11:00:00,30.5,74.0,9,1.6,3.3,29.86,0.0,26.26,29.17,26.4,24.7,0,0,0
1790,2025-08-14 12:00:00,31.6,69.0,11,1.6,2.6,29.87,0.0,26.37,29.45,27.8,24.7,0,0,0
1791,2025-08-14 13:00:00,30.3,74.0,6,3.2,6.6,29.88,0.0,26.29,29.6,27.6,24.9,1,0,0
1792,2025-08-14 14:00:00,28.8,79.0,3,4.1,8.9,29.89,0.02,26.21,29.67,27.4,25.1,1,0,0
1793,2025-08-14 15:00:00,25.8,90.0,0,1.6,2.8,29.89,0.54,26.57,29.87,26.2,25.4,0,0,0
1794,2025-08-14 16:00:00,25.4,92.0,9,2.1,3.9,29.86,0.03,26.66,29.61,25.8,25.5,0,0,0
1795,2025-08-14 17:00:00,25.1,92.0,9,2.6,4.1,29.89,0.0,26.75,29.4,25.8,25.8,0,0,0
1796,2025-08-14 18:00:00,24.9,92.0,8,1.2,2.7,29.89,0.0,27.02,29.24,25.8,26.2,1,0,0
1797,2025-08-14 19:00:00,24.4,92.0,10,1.9,3.0,29.91,0.0,27.13,28.77,26.3,25.8,0,0,0
1798,2025-08-14 20:00:00,24.3,93.0,10,3.0,4.7,29.91,0.0,27.11,28.4,26.4,25.7,0,0,0
1799,2025-08-14 21:00:00,23.6,93.0,12,1.4,2.6,29.94,0.0,27.14,28.19,25.4,25.5,0,0,0
1800,2025-08-14 22:00:00,22.7,93.0,11,2.1,3.1,29.96,0.0,27.21,27.98,25.3,25.5,0,0,0
1801,2025-08-14 23:00:00,22.1,93.0,12,2.1,2.9,29.95,0.0,26.75,28.44,25.3,25.3,0,0,0
1802,2025-08-15 00:00:00,22.0,94.0,14,2.9,4.4,29.96,0.0,26.32,29.12,24.6,25.2,0,0,0
1803,2025-08-15 01:00:00,22.0,94.0,14,3.0,5.0,29.96,0.0,26.21,29.42,24.2,25.2,0,0,0
1804,2025-08-15 02:00:00,22.1,95.0,15,2.3,3.6,29.96,0.0,26.3,28.89,24.4,25.4,0,0,0
1805,2025-08-15 03:00:00,22.2,95.0,15,2.9,4.4,29.97,0.0,26.15,29.05,24.9,25.4,0,0,0
1806,2025-08-15 04:00:00,21.9,95.0,15,1.5,2.8,29.97,0.0,26.11,29.12,25.2,25.2,0,0,0
1807,2025-08-15 05:00:00,21.9,95.0,0,2.0,4.0,29.98,0.0,26.04,28.79,25.3,25.2,0,0,0
1808,2025-08-15 06:00:00,22.2,59.0,1,3.5,5.6,30.01,0.0,25.9,29.16,25.8,25.2,1,0,0
1809,2025-08-15 07:00:00,22.8,95.0,2,4.5,7.5,30.02,0.0,25.99,28.88,25.8,25.2,1,0,0
1810,2025-08-15 08:00:00,24.2,93.0,2,6.6,11.7,30.05,0.0,26.3,28.3,25.7,25.1,1,0,0
1811,2025-08-15 09:00:00,25.1,88.0,3,5.1,9.3,30.06,0.0,26.38,28.27,25.8,25.1,1,0,0
1812,2025-08-15 10:00:00,25.9,83.0,3,7.1,10.7,30.07,0.0,26.5,28.21,25.8,25.1,1,0,0
1813,2025-08-15 11:00:00,21.2,78.0,2,5.2,12.5,30.09,0.0,26.48,28.47,25.6,25.1,1,0,0
1814,2025-08-15 12:00:00,27.2,75.0,2,6.9,12.2,30.09,0.0,26.41,28.92,25.4,25.1,1,0,0
1815,2025-08-15 13:00:00,27.3,74.0,2,7.3,13.6,30.09,0.0,26.32,29.27,25.3,25.1,1,0,0
1816,2025-08-15 14:00:00,27.1,76.0,3,7.5,12.9,30.09,0.0,26.65,29.1,25.4,25.1,1,0,0
1817,2025-08-15 15:00:00,26.7,76.0,2,6.6,12.4,30.09,0.0,26.84,29.18,25.4,25.1,1,0,0
1818,2025-08-15 16:00:00,26.8,78.0,3,6.2,11.7,30.09,0.0,26.52,29.72,25.4,25.1,1,0,0
1819,2025-08-15 17:00:00,26.4,78.0,3,5.4,11.3,30.09,0.0,27.08,29.75,25.6,25.1,1,0,0
1820,2025-08-15 18:00:00,26.2,80.0,4,3.0,8.1,30.09,0.0,27.08,29.48,25.5,25.1,1,0,0
1821,2025-08-15 19:00:00,25.2,83.0,3,3.8,7.5,30.09,0.0,27.15,29.37,25.0,25.2,1,0,0
1822,2025-08-15 20:00:00,24.2,87.0,4,2.1,5.0,30.09,0.0,26.97,29.42,24.7,25.6,1,0,0
1823,2025-08-15 21:00:00,23.4,89.0,4,1.7,3.7,30.1,0.0,26.91,29.28,24.7,25.3,1,0,0
1824,2025-08-15 22:00:00,23.2,90.0,5,0.7,2.3,30.1,0.0,26.82,28.78,24.7,25.3,0,0,0
1825,2025-08-15 23:00:00,23.1,91.0,6,1.6,3.7,30.11,0.0,26.63,28.73,24.7,25.3,1,0,0
1826,2025-08-16 00:00:00,23.1,92.0,7,1.3,3.7,30.1,0.0,26.15,29.55,24.7,25.2,1,0,0
1827,2025-08-16 01:00:00,23.1,92.0,5,1.7,3.9,30.1,0.0,26.15,29.72,24.8,25.2,0,0,0
1828,2025-08-16 02:00:00,23.2,91.0,4,0.6,1.5,30.09,0.0,26.29,29.61,24.9,25.1,1,0,0
1829,2025-08-16 03:00:00,23.3,90.0,5,1.3,3.8,30.1,0.0,26.33,29.75,24.8,25.1,0,0,0
1830,2025-08-16 04:00:00,23.4,88.0,6,0.6,1.8,30.1,0.0,26.16,29.7,24.8,25.1,1,0,0
1831,2025-08-16 05:00:00,23.2,88.0,3,0.9,2.0,30.1,0.0,26.06,29.72,24.6,25.1,1,0,0
1832,2025-08-16 06:00:00,22.9,89.0,3,1.2,2.0,30.11,0.0,26.1,29.41,24.7,25.0,1,0,0
1833,2025-08-16 07:00:00,22.8,89.0,3,1.1,2.4,30.11,0.0,26.3,29.12,24.7,25.0,1,0,0
1834,2025-08-16 08:00:00,23.4,89.0,3,0.4,1.3,30.11,0.0,26.22,29.04,24.9,24.9,1,0,0
1835,2025-08-16 09:00:00,25.7,79.0,6,1.9,5.9,30.11,0.0,26.26,29.2,25.6,24.9,1,0,0
1836,2025-08-16 10:00:00,27.3,73.0,4,2.7,4.4,30.1,0.0,26.44,28.99,26.1,24.8,1,0,0
1837,2025-08-16 11:00:00,26.6,75.0,4,3.1,7.6,30.1,0.0,26.56,28.98,26.0,24.8,1,0,0
1838,2025-08-16 12:00:00,27.2,72.0,3,2.3,4.2,30.11,0.0,26.59,28.19,26.4,24.8,1,0,0
1839,2025-08-16 13:00:00,27.5,71.0,4,3.0,6.3,30.09,0.0,26.53,29.37,26.1,24.8,1,0,0
1840,2025-08-16 14:00:00,27.0,92.0,5,3.0,6.6,30.09,0.0,26.52,29.71,26.1,24.9,0,0,0
1841,2025-08-16 15:00:00,28.8,67.0,5,3.3,6.8,30.06,0.0,26.86,29.62,26.3,25.0,0,0,0
1842,2025-08-16 16:00:00,29.3,65.0,7,3.7,8.5,30.04,0.0,26.39,30.16,26.3,25.0,1,0,0
1843,2025-08-16 17:00:00,28.4,67.0,5,3.6,8.6,30.03,0.0,26.96,30.14,26.1,25.1,0,0,0
1844,2025-08-16 18:00:00,28.0,66.0,7,4.7,8.8,30.03,0.0,27.07,29.92,25.9,25.5,1,0,0
1845,2025-08-16 19:00:00,26.3,73.0,7,4.2,6.8,30.02,0.0,26.79,29.95,25.5,25.8,1,0,0
1846,2025-08-16 20:00:00,24.8,79.0,8,1.6,4.5,30.02,0.0,26.84,29.76,24.9,26.0,1,0,0
1847,2025-08-16 21:00:00,23.6,82.0,8,2.5,4.9,30.2,0.0,26.95,29.69,24.6,26.1,1,0,0
1848,2025-08-16 22:00:00,23.2,85.0,9,2.3,4.3,30.01,0.0,26.9,29.74,24.6,25.7,0,0,0
1849,2025-08-16 23:00:00,22.7,87.0,8,4.7,6.5,29.99,0.0,26.62,29.2,24.4,25.6,1,0,0
1850,2025-08-17 00:00:00,22.3,89.0,10,2.6,4.8,29.98,0.0,26.46,29.3,24.5,25.4,0,0,0
1851,2025-08-17 01:00:00,21.8,90.0,8,2.7,4.2,29.98,0.0,26.43,29.36,24.5,25.4,1,0,0
1852,2025-08-17 02:00:00,21.2,91.0,10,0.4,1.7,29.97,0.0,26.28,29.39,24.6,25.2,0,0,0
1853,2025-08-17 03:00:00,21.1,92.0,10,2.8,5.4,29.97,0.0,26.05,29.73,24.8,25.1,0,0,0
1854,2025-08-17 04:00:00,20.8,93.0,10,2.4,4.3,29.96,0.0,26.17,29.32,24.0,25.1,0,0,0
1855,2025-08-17 05:00:00,20.9,94.0,9,2.7,4.9,29.95,0.0,26.09,29.45,30.4,25.0,0,0,0
1856,2025-08-17 06:00:00,20.9,94.0,9,3.4,5.2,29.95,0.0,26.02,29.46,24.0,25.0,0,0,0
1857,2025-08-17 07:00:00,20.9,95.0,8,1.8,3.4,29.94,0.0,26.17,29.55,24.8,25.1,1,0,0
1858,2025-08-17 08:00:00,22.3,95.0,9,4.1,6.6,29.93,0.0,26.39,29.22,24.8,25.0,0,0,0
1859,2025-08-17 09:00:00,24.6,89.0,9,5.1,8.9,29.92,0.0,26.51,28.99,25.4,25.0,0,0,0
1860,2025-08-17 10:00:00,28.8,71.0,8,7.2,11.6,29.91,0.0,26.75,28.63,26.5,25.0,1,0,0
1861,2025-08-17 11:00:00,31.7,62.0,9,7.5,11.1,29.91,0.0,26.93,28.59,27.2,25.0,0,0,0
1862,2025-08-17 12:00:00,33.6,57.0,9,9.2,14.0,29.89,0.0,27.15,28.73,28.1,25.0,0,0,0
1863,2025-08-17 13:00:00,35.3,53.0,9,6.1,10.7,29.87,0.0,27.23,29.08,27.6,25.0,0,0,0
1864,2025-08-17 14:00:00,32.7,60.0,8,11.5,18.4,29.85,0.0,27.17,29.51,27.9,25.0,1,0,0
1865,2025-08-17 15:00:00,33.2,56.0,9,10.5,17.5,29.83,0.0,27.05,29.7,28.1,25.1,0,0,0
1866,2025-08-17 16:00:00,32.2,59.0,8,12.2,18.4,29.82,0.0,27.09,29.89,27.7,25.2,1,0,0
1867,2025-08-17 17:00:00,30.7,65.0,9,12.5,18.5,29.81,0.0,26.49,30.34,27.4,25.2,0,0,0
1868,2025-08-17 18:00:00,29.3,68.0,9,10.6,17.9,29.81,0.0,26.92,30.15,27.3,25.3,0,0,0
1869,2025-08-17 19:00:00,27.6,75.0,9,8.4,13.7,29.8,0.0,26.65,30.06,27.2,25.3,0,0,0
1870,2025-08-17 20:00:00,25.6,80.0,12,0.6,6.9,29.74,0.07,27.12,29.69,27.0,25.4,0,0,0
1871,2025-08-17 21:00:00,23.9,88.0,9,0.8,3.2,29.83,0.08,27.22,29.53,25.4,25.4,0,0,0
1872,2025-08-17 22:00:00,23.4,91.0,8,2.0,2.6,29.74,0.01,27.26,29.67,26.1,25.3,1,0,0
1873,2025-08-17 23:00:00,23.3,92.0,10,2.4,3.2,29.85,0.01,27.11,29.49,25.8,25.3,0,0,0
1874,2025-08-18 00:00:00,23.2,93.0,11,3.0,4.5,29.86,0.0,27.04,28.82,26.2,25.2,0,0,0
1875,2025-08-18 01:00:00,22.8,93.0,13,0.2,1.0,29.75,0.01,27.02,28.54,24.9,25.2,0,0,0
1876,2025-08-18 02:00:00,22.6,93.0,1,2.1,3.0,29.84,0.0,26.93,28.49,25.3,25.1,1,0,0
1877,2025-08-18 03:00:00,22.6,94.0,2,0.4,1.1,29.75,0.0,26.74,29.03,25.5,25.1,1,0,0
1878,2025-08-18 04:00:00,22.4,94.0,15,1.8,4.7,29.87,0.0,26.56,29.36,25.3,25.1,0,0,0
1879,2025-08-18 05:00:00,22.6,94.0,2,4.7,11.0,29.88,0.0,26.36,29.46,24.8,25.1,1,0,0
1880,2025-08-18 06:00:00,21.8,92.0,2,6.6,11.5,29.91,0.0,26.21,29.72,24.1,25.1,1,0,0
1881,2025-08-18 07:00:00,21.8,91.0,3,12.0,18.4,29.95,0.0,26.24,29.31,23.6,25.1,1,0,0
1882,2025-08-18 08:00:00,21.8,89.0,3,12.1,19.4,29.98,0.0,26.29,28.9,23.2,25.1,1,0,0
1883,2025-08-18 09:00:00,20.8,91.0,2,8.7,14.1,30.0,0.0,26.26,28.76,22.3,25.1,1,0,0
1884,2025-08-18 10:00:00,19.8,93.0,2,8.9,8.9,30.02,0.0,26.13,28.89,21.8,25.1,1,0,0
1885,2025-08-18 11:00:00,19.4,93.0,3,9.3,14.1,30.06,0.0,26.0,28.99,21.8,24.9,1,0,0
1886,2025-08-18 12:00:00,20.1,85.0,2,7.1,14.0,30.06,0.0,25.83,28.89,21.8,24.6,1,0,0
1887,2025-08-18 13:00:00,20.2,84.0,2,8.9,18.5,30.08,0.0,25.25,29.04,21.6,24.5,1,0,0
1888,2025-08-18 14:00:00,19.8,85.0,3,8.2,16.2,30.08,0.01,24.88,29.43,21.3,24.3,1,0,0
1889,2025-08-18 15:00:00,19.8,84.0,3,8.7,14.6,30.08,0.0,23.45,30.5,20.7,24.1,1,0,0
1890,2025-08-18 16:00:00,19.8,84.0,2,8.6,14.7,30.09,0.0,21.54,31.23,21.1,23.7,1,0,0
1891,2025-08-18 17:00:00,19.6,85.0,2,6.8,12.9,30.09,0.0,21.43,31.25,21.2,23.3,1,0,0
1892,2025-08-18 18:00:00,20.1,82.0,3,5.6,12.9,30.1,0.0,21.33,31.27,21.3,23.5,1,0,0
1893,2025-08-18 19:00:00,20.0,80.0,3,7.1,12.4,30.0,0.1,21.33,31.25,21.3,23.5,1,0,0
1894,2025-08-18 20:00:00,20.0,80.0,3,3.6,7.5,30.11,0.0,21.59,31.13,21.4,23.9,1,0,0
1895,2025-08-18 21:00:00,19.9,95.0,3,3.9,8.4,30.12,0.0,21.31,31.25,21.4,23.8,1,0,0
1896,2025-08-18 22:00:00,19.9,74.0,3,5.4,9.9,30.12,0.0,22.34,30.7,21.4,23.8,1,0,0
1897,2025-08-18 23:00:00,19.8,75.0,4,2.9,7.0,30.13,0.0,23.0,30.37,21.5,23.7,1,0,0
1898,2025-08-19 00:00:00,19.9,74.0,5,3.7,8.3,30.13,0.0,22.63,30.49,21.6,23.7,0,0,0
1899,2025-08-19 01:00:00,20.1,72.0,5,3.8,7.4,30.12,0.0,21.58,30.94,21.7,23.6,0,0,0
1900,2025-08-19 02:00:00,20.0,71.0,3,3.1,7.6,30.11,0.0,21.68,30.7,21.8,23.6,1,0,0
1901,2025-08-19 03:00:00,20.0,69.0,4,3.7,8.1,30.11,0.0,21.78,30.54,21.9,23.5,1,0,0
1902,2025-08-19 04:00:00,20.0,64.0,4,4.6,9.6,30.11,0.0,21.48,30.71,22.1,23.5,1,0,0
1903,2025-08-19 05:00:00,19.3,63.0,3,5.6,11.9,30.11,0.0,21.39,30.68,21.9,23.5,1,0,0
1904,2025-08-19 06:00:00,20.2,65.0,3,4.6,9.5,30.11,0.0,21.48,30.75,21.8,23.4,1,0,0
1905,2025-08-19 07:00:00,20.1,63.0,3,5.5,11.6,30.12,0.0,21.39,30.84,21.8,23.4,1,0,0
1906,2025-08-19 08:00:00,20.6,62.0,3,7.2,13.3,30.13,0.0,21.6,30.71,21.9,23.4,1,0,0
1907,2025-08-19 09:00:00,20.7,66.0,3,7.6,13.4,30.15,0.0,21.91,30.58,21.8,23.4,1,0,0
1908,2025-08-19 10:00:00,21.4,65.0,3,6.1,12.9,30.15,0.0,21.81,30.57,22.1,23.3,1,0,0
1909,2025-08-19 11:00:00,21.8,68.0,3,4.5,8.6,30.16,0.0,21.68,30.47,22.0,23.3,1,0,0
1910,2025-08-19 12:00:00,22.3,68.0,3,4.5,8.0,30.15,0.0,21.96,30.21,22.3,23.3,1,0,0
1911,2025-08-19 13:00:00,22.3,67.0,3,6.7,14.3,30.15,0.0,22.14,30.17,22.2,23.3,1,0,0
1912,2025-08-19 14:00:00,23.1,65.0,4,4.5,10.3,30.13,0.0,21.85,30.51,22.4,23.3,1,0,0
1913,2025-08-19 15:00:00,22.7,66.0,4,5.3,11.0,30.13,0.0,22.05,30.43,22.3,23.2,1,0,0
1914,2025-08-19 16:00:00,22.9,66.0,4,4.1,11.0,30.11,0.0,22.27,30.03,22.3,23.3,1,0,0
1915,2025-08-19 17:00:00,22.2,67.0,3,5.6,10.0,30.11,0.0,21.98,30.15,22.3,23.3,1,0,0
1916,2025-08-19 18:00:00,21.8,69.0,3,4.1,8.1,30.09,0.0,22.29,30.88,22.1,23.3,1,0,0
1917,2025-08-19 19:00:00,21.7,70.0,3,3.8,8.6,30.09,0.0,22.56,30.89,22.1,23.3,1,0,0
1918,2025-08-19 20:00:00,21.1,74.0,4,3.7,7.9,30.08,0.0,22.69,31.11,22.0,23.2,1,0,0
1919,2025-08-19 21:00:00,20.8,76.0,4,3.2,8.7,30.08,0.0,22.47,30.59,22.2,23.2,1,0,0
1920,2025-08-19 22:00:00,21.0,75.0,4,2.8,8.0,30.08,0.0,22.05,30.49,22.3,23.2,1,0,0
1921,2025-08-19 23:00:00,21.1,76.0,3,3.0,5.7,30.08,0.0,22.11,30.3,22.4,23.2,1,0,0
1922,2025-08-20 00:00:00,20.9,80.0,6,3.3,6.7,30.06,0.0,22.26,30.46,21.8,23.2,1,0,0
1923,2025-08-20 01:00:00,20.2,84.0,4,2.2,5.5,30.08,0.0,22.32,30.83,21.9,23.2,1,0,0
1924,2025-08-20 02:00:00,20.4,86.0,6,2.3,6.5,30.03,0.0,22.24,30.75,21.4,23.2,1,0,0
1925,2025-08-20 03:00:00,20.2,88.0,5,2.0,6.1,30.02,0.0,22.1,30.51,26.2,23.2,0,0,0
1926,2025-08-20 04:00:00,19.3,91.0,3,2.9,7.0,30.02,0.04,22.06,30.5,20.6,23.2,1,0,0
1927,2025-08-20 05:00:00,18.8,92.0,3,2.5,6.5,30.01,0.03,22.01,30.46,20.3,23.2,1,0,0
1928,2025-08-20 06:00:00,18.8,93.0,3,4.2,8.8,30.01,0.07,21.96,30.43,20.2,23.1,1,0,0
1929,2025-08-20 07:00:00,18.9,94.0,4,3.5,8.1,30.01,0.01,21.96,30.44,20.6,23.1,1,0,0
1930,2025-08-20 08:00:00,19.4,95.0,3,3.4,7.8,29.99,0.02,21.99,30.49,20.9,23.1,1,0,0
1931,2025-08-20 09:00:00,19.7,95.0,3,5.4,11.1,29.98,0.01,21.93,30.54,21.3,23.1,1,0,0
1932,2025-08-20 10:00:00,20.2,95.0,4,5.1,10.0,29.98,0.0,21.93,30.5,21.7,23.0,1,0,0
1933,2025-08-20 11:00:00,20.3,95.0,3,5.1,11.3,29.98,0.0,21.94,30.5,21.9,23.1,1,0,0
1934,2025-08-20 12:00:00,20.6,95.0,4,2.8,7.9,29.97,0.01,21.96,30.58,22.3,23.1,1,0,0
1935,2025-08-20 13:00:00,21.1,94.0,4,4.7,10.4,29.95,0.0,22.0,30.57,22.8,23.1,1,0,0
1936,2025-08-20 14:00:00,21.7,94.0,4,3.6,8.0,29.93,0.0,22.06,30.6,22.9,23.1,1,0,0
1937,2025-08-20 15:00:00,21.8,94.0,4,2.8,6.6,29.93,0.02,22.07,30.52,23.4,23.1,1,0,0
1938,2025-08-20 16:00:00,22.2,94.0,4,4.2,8.2,29.91,0.01,22.14,30.3,24.2,23.1,1,0,0
1939,2025-08-20 17:00:00,22.8,94.0,5,3.6,7.1,29.91,0.0,22.25,30.11,24.2,23.1,0,0,0
1940,2025-08-20 18:00:00,22.8,94.0,3,3.0,6.4,29.89,0.0,22.31,30.58,23.8,22.9,1,0,0
1941,2025-08-20 19:00:00,22.7,94.0,2,3.4,6.8,29.9,0.0,22.9,31.24,23.8,22.7,1,0,0
1942,2025-08-20 20:00:00,22.3,94.0,1,4.1,8.7,29.9,0.0,22.96,31.26,23.7,22.7,1,0,0
1943,2025-08-20 21:00:00,21.2,95.0,2,4.3,9.6,29.92,0.0,22.93,31.26,22.7,22.8,1,0,0
1944,2025-08-20 22:00:00,21.2,95.0,2,7.4,12.8,29.91,0.01,22.84,31.2,22.6,22.8,1,0,0
1945,2025-08-20 23:00:00,20.9,95.0,0,6.3,11.4,29.91,0.0,22.69,30.63,22.6,22.7,0,0,0
1946,2025-08-21 00:00:00,19.9,95.0,1,8.1,13.3,29.9,0.0,22.72,31.11,21.6,22.7,1,0,0
1947,2025-08-21 01:00:00,19.3,95.0,1,9.2,18.1,29.89,0.01,22.62,31.05,21.4,22.7,1,0,0
1948,2025-08-21 02:00:00,19.3,96.0,2,7.0,16.7,29.88,0.0,22.48,30.93,21.7,22.6,1,0,0
1949,2025-08-21 03:00:00,19.9,96.0,1,8.9,15.8,29.86,0.01,22.46,30.93,22.2,22.6,1,0,0
1950,2025-08-21 04:00:00,20.3,96.0,2,9.7,17.2,29.85,0.0,22.36,30.92,22.5,22.7,1,0,0
1951,2025-08-21 05:00:00,20.6,96.0,2,7.9,13.1,29.84,0.01,22.09,30.36,22.1,22.7,1,0,0
1952,2025-08-21 06:00:00,20.3,96.0,2,9.9,18.9,29.84,0.0,21.98,29.78,21.9,22.7,1,0,0
1953,2025-08-21 07:00:00,20.2,95.0,2,10.3,17.8,29.85,0.0,22.05,30.0,22.0,22.7,1,0,0
1954,2025-08-21 08:00:00,19.7,95.0,2,12.4,21.3,29.85,0.01,22.1,30.54,21.3,22.7,1,0,0
1955,2025-08-21 09:00:00,18.6,95.0,2,11.9,21.3,29.86,0.02,22.26,30.69,20.4,22.7,1,0,0
1956,2025-08-21 10:00:00,18.3,95.0,1,10.1,18.1,29.87,0.01,22.25,30.7,20.3,22.6,1,0,0
1957,2025-08-21 11:00:00,18.1,95.0,2,9.7,16.4,29.87,0.01,22.25,30.69,20.4,22.6,1,0,0
1958,2025-08-21 12:00:00,17.8,95.0,1,12.6,19.6,29.86,0.01,22.0,30.5,20.1,22.6,1,0,0
1959,2025-08-21 13:00:00,17.8,94.0,1,10.5,18.8,29.83,0.0,21.66,29.98,19.7,22.6,1,0,0
1960,2025-08-21 14:00:00,18.8,88.0,1,11.1,21.3,29.83,0.0,21.56,29.96,20.4,22.9,1,0,0
1961,2025-08-21 15:00:00,19.3,85.0,1,11.9,20.5,29.82,0.0,21.52,30.0,20.8,22.5,1,0,0
1962,2025-08-21 16:00:00,19.9,83.0,1,9.2,15.7,29.81,0.0,21.41,29.68,21.3,22.5,1,0,0
1963,2025-08-21 17:00:00,20.3,80.0,2,10.7,17.3,29.81,0.0,21.29,29.76,21.4,22.4,1,0,0
1964,2025-08-21 18:00:00,20.8,77.0,1,7.4,14.0,29.81,0.0,21.31,29.63,21.9,22.4,1,0,0
1965,2025-08-21 19:00:00,20.3,77.0,1,7.4,14.8,29.82,0.0,22.02,30.01,21.7,22.3,1,0,0
1966,2025-08-21 20:00:00,20.0,77.0,1,6.4,13.6,29.83,0.0,22.14,30.02,21.6,22.3,1,0,0
1967,2025-08-21 21:00:00,19.8,75.0,2,4.7,9.6,29.85,0.0,22.14,30.06,21.4,22.2,1,0,0
1968,2025-08-21 22:00:00,19.6,74.0,0,4.2,9.0,29.76,0.0,22.08,30.04,21.3,23.3,0,0,0
1969,2025-08-21 23:00:00,18.3,77.0,0,4.6,9.7,29.85,0.0,22.0,30.1,21.3,22.4,0,0,0
1970,2025-08-22 00:00:00,17.1,82.0,15,4.0,6.7,29.86,0.0,21.68,30.16,19.6,22.5,0,0,0
1971,2025-08-22 01:00:00,16.1,85.0,15,3.9,8.0,29.86,0.0,21.82,30.19,18.8,22.5,0,0,0
1972,2025-08-22 02:00:00,15.2,87.0,15,4.3,8.0,29.86,0.0,20.94,29.12,18.4,22.5,0,0,0
1973,2025-08-22 03:00:00,14.7,88.0,15,3.8,8.3,29.88,0.0,20.98,29.57,18.3,22.4,0,0,0
1974,2025-08-22 04:00:00,14.6,87.0,15,4.7,9.2,29.88,0.0,20.72,29.02,17.9,22.4,0,0,0
1975,2025-08-22 05:00:00,14.1,87.0,15,5.7,9.6,29.89,0.0,20.72,29.26,17.1,22.3,0,0,0
1976,2025-08-22 06:00:00,14.3,82.0,15,5.7,10.7,29.91,0.0,20.74,29.47,17.3,22.2,0,0,0
1977,2025-08-22 07:00:00,14.9,79.0,15,6.1,11.7,29.94,0.0,20.62,29.43,17.3,22.1,0,0,0
1978,2025-08-22 08:00:00,16.7,75.0,0,5.4,10.9,29.96,0.0,20.6,29.3,18.2,21.9,0,0,0
1979,2025-08-22 09:00:00,19.1,69.0,0,4.9,10.0,29.98,0.0,20.53,29.19,19.7,21.7,0,0,0
1980,2025-08-22 10:00:00,21.7,57.0,1,4.7,9.6,29.98,0.0,20.69,29.36,20.3,21.7,1,0,0
1981,2025-08-22 11:00:00,23.8,48.0,2,6.0,9.8,30.0,0.0,20.86,29.31,21.1,21.7,1,0,0
1982,2025-08-22 12:00:00,25.2,43.0,2,4.8,10.0,30.0,0.0,20.96,29.55,21.9,21.6,1,0,0
1983,2025-08-22 13:00:00,26.2,39.0,2,6.2,10.6,29.99,0.0,21.33,29.54,22.9,21.5,1,0,0
1984,2025-08-22 14:00:00,26.6,40.0,3,4.9,9.9,30.0,0.0,21.68,29.4,23.7,21.4,1,0,0
1985,2025-08-22 15:00:00,27.3,41.0,3,3.3,8.3,29.99,0.0,21.64,29.21,24.1,21.5,1,0,0
1986,2025-08-22 16:00:00,27.7,36.0,3,4.4,9.3,29.99,0.0,21.66,29.22,24.3,21.6,1,0,0
1987,2025-08-22 17:00:00,27.4,35.0,5,2.6,5.5,29.99,0.0,21.8,29.19,24.8,21.7,0,0,0
1988,2025-08-22 18:00:00,26.9,38.0,8,2.6,5.7,30.0,0.0,21.96,29.26,24.7,21.7,1,0,0
1989,2025-08-22 19:00:00,26.0,45.0,9,1.6,3.2,30.0,0.0,21.95,29.38,24.2,21.8,0,0,0
1990,2025-08-22 20:00:00,22.7,60.0,9,3.0,5.0,30.01,0.0,22.02,29.3,23.0,21.9,0,0,0
1991,2025-08-22 21:00:00,20.1,71.0,9,2.5,5.4,30.03,0.0,21.99,29.59,22.6,22.1,0,0,0
1992,2025-08-22 22:00:00,19.1,75.0,8,3.0,4.5,30.03,0.0,22.18,29.66,22.3,21.8,1,0,0
1993,2025-08-22 23:00:00,18.1,77.0,10,1.5,3.1,30.04,0.0,22.27,29.82,22.2,21.5,0,0,0
1994,2025-08-23 00:00:00,16.9,82.0,10,2.6,4.6,30.04,0.0,21.92,30.05,22.1,21.5,0,0,0
1995,2025-08-23 01:00:00,16.7,83.0,10,3.5,7.3,30.05,0.0,21.32,29.43,21.4,21.5,0,0,0
1996,2025-08-23 02:00:00,15.7,85.0,11,3.5,6.1,30.05,0.0,21.68,29.47,20.2,21.3,0,0,0
1997,2025-08-23 03:00:00,15.6,87.0,10,2.6,4.7,30.04,0.0,21.54,29.94,19.3,21.4,0,0,0
1998,2025-08-23 04:00:00,15.4,87.0,10,2.9,5.2,30.04,0.0,21.55,28.61,19.6,21.4,0,0,0
1999,2025-08-23 05:00:00,15.3,86.0,9,2.8,5.7,30.04,0.0,21.51,28.85,19.5,21.5,0,0,0
2000,2025-08-23 06:00:00,15.1,86.0,11,2.0,3.5,30.05,0.0,21.22,28.58,19.4,21.5,0,0,0
2001,2025-08-23 07:00:00,14.9,86.0,11,2.3,4.1,30.07,0.0,21.29,28.81,19.5,21.4,0,0,0
2002,2025-08-23 08:00:00,16.8,84.0,11,3.4,5.7,30.08,0.0,21.38,28.89,20.3,21.4,0,0,0
2003,2025-08-23 09:00:00,18.8,77.0,10,3.7,7.6,30.08,0.0,21.54,29.4,20.9,21.4,0,0,0
2004,2025-08-23 10:00:00,24.8,63.0,9,3.2,6.3,30.07,0.0,21.58,29.14,21.9,21.4,0,0,0
2005,2025-08-23 11:00:00,28.1,50.0,9,5.5,8.3,30.07,0.0,21.68,29.37,22.6,21.4,0,0,0
2006,2025-08-23 12:00:00,29.4,46.0,10,7.0,13.0,30.06,0.0,21.86,29.56,23.6,21.4,0,0,0
2007,2025-08-23 13:00:00,30.2,44.0,8,6.8,11.0,30.06,0.0,21.94,29.46,24.3,21.4,1,0,0
2008,2025-08-23 14:00:00,30.0,45.0,8,7.8,13.3,30.05,0.0,22.31,29.26,24.0,21.6,1,0,0
2009,2025-08-23 15:00:00,29.2,50.0,8,8.7,14.1,30.04,0.0,22.55,29.13,24.3,21.8,1,0,0
2010,2025-08-23 16:00:00,28.2,20.0,9,12.2,16.0,30.02,0.0,22.57,29.13,23.8,22.3,0,0,0
2011,2025-08-23 17:00:00,26.8,68.0,9,8.8,13.9,30.02,0.0,22.36,29.11,23.7,22.3,0,0,0
2012,2025-08-23 18:00:00,25.1,63.0,9,5.2,12.9,30.01,0.0,22.43,29.05,23.6,22.6,0,0,0
2013,2025-08-23 19:00:00,23.7,68.0,9,4.8,10.2,30.0,0.0,22.6,29.21,23.2,22.6,0,0,0
2014,2025-08-23 20:00:00,21.8,75.0,9,4.3,7.3,30.0,0.0,22.64,29.39,22.7,22.8,0,0,0
2015,2025-08-23 21:00:00,20.9,79.0,9,2.7,6.6,30.01,0.0,22.85,29.43,22.3,22.5,0,0,0
2016,2025-08-23 22:00:00,20.3,71.0,9,4.8,10.8,30.0,0.0,22.7,29.7,22.6,22.5,0,0,0
2017,2025-08-23 23:00:00,20.3,72.0,9,5.6,10.6,29.99,0.0,22.62,29.69,22.5,22.3,0,0,0
2018,2025-08-24 00:00:00,20.2,79.0,8,4.7,7.6,29.99,0.0,22.67,29.9,22.4,22.1,1,0,0
2019,2025-08-24 01:00:00,19.2,82.0,8,0.0,0.4,29.99,0.0,22.47,29.81,22.4,22.2,1,0,0
2020,2025-08-24 02:00:00,18.1,85.0,8,0.6,1.6,29.98,0.0,22.5,29.76,22.5,22.3,1,0,0
2021,2025-08-24 03:00:00,17.6,88.0,8,2.0,3.0,29.97,0.0,22.02,29.15,22.7,22.3,1,0,0
2022,2025-08-24 04:00:00,17.6,90.0,8,1.6,2.7,29.96,0.0,22.11,28.79,22.7,22.3,1,0,0
2023,2025-08-24 05:00:00,17.8,92.0,8,1.5,2.3,29.95,0.0,22.14,28.87,22.7,22.2,1,0,0
2024,2025-08-24 06:00:00,18.2,92.0,8,1.6,2.7,29.95,0.0,22.07,28.78,22.6,22.2,1,0,0
2025,2025-08-24 07:00:00,18.8,93.0,8,1.6,2.9,29.95,0.0,21.97,28.7,22.8,22.2,1,0,0
2026,2025-08-24 08:00:00,20.7,94.0,8,2.3,4.5,29.95,0.0,22.08,28.99,22.8,22.2,1,0,0
2027,2025-08-24 09:00:00,22.3,91.0,8,5.7,8.8,29.95,0.0,22.33,29.43,23.3,22.2,1,0,0
2028,2025-08-24 10:00:00,23.3,84.0,8,6.5,11.4,29.95,0.0,22.33,29.62,23.7,22.2,1,0,0
2029,2025-08-24 11:00:00,27.3,68.0,8,7.6,13.3,29.95,0.0,22.51,29.59,23.9,22.2,1,0,0
2030,2025-08-24 12:00:00,26.8,69.0,9,9.2,13.5,29.94,0.0,22.6,29.7,24.3,22.2,0,0,0
2031,2025-08-24 13:00:00,29.3,59.0,9,8.5,12.8,29.93,0.0,22.86,29.77,24.8,22.3,0,0,0
2032,2025-08-24 14:00:00,28.4,61.0,8,8.5,14.1,29.91,0.0,22.9,29.36,25.0,22.3,1,0,0
2033,2025-08-24 15:00:00,27.3,64.0,7,6.2,13.7,29.89,0.0,23.0,29.1,24.6,22.4,1,0,0
2034,2025-08-24 16:00:00,27.2,65.0,8,7.8,14.0,29.87,0.0,23.08,28.88,24.5,22.4,1,0,0
2035,2025-08-24 17:00:00,26.7,67.0,7,4.7,10.3,29.86,0.0,23.1,29.15,24.4,22.5,1,0,0
2036,2025-08-24 18:00:00,26.4,66.0,9,5.3,8.9,29.85,0.0,23.02,29.15,24.9,22.6,0,0,0
2037,2025-08-24 19:00:00,25.3,71.0,8,2.3,4.3,29.84,0.0,23.02,29.09,24.2,22.6,1,0,0
2038,2025-08-24 20:00:00,23.3,81.0,6,1.6,3.8,29.83,0.0,23.13,29.46,23.4,22.7,1,0,0
2039,2025-08-24 21:00:00,21.8,86.0,9,0.7,2.0,29.83,0.0,23.29,29.59,23.2,22.8,0,0,0
2040,2025-08-24 22:00:00,20.8,88.0,0,0.0,0.5,29.83,0.0,23.4,29.89,23.0,22.7,0,0,0
2041,2025-08-24 23:00:00,20.4,90.0,0,0.0,0.2,29.83,0.0,23.28,29.81,22.9,22.7,0,0,0
2042,2025-08-25 00:00:00,19.4,91.0,0,0.8,1.6,29.8,0.0,23.21,29.95,22.7,22.7,0,0,0
2043,2025-08-25 01:00:00,19.6,92.0,0,0.5,1.0,29.8,0.0,23.22,29.76,22.7,22.6,0,0,0
2044,2025-08-25 02:00:00,19.2,93.0,0,0.8,1.7,29.78,0.0,23.02,29.46,22.6,22.6,0,0,0
2045,2025-08-25 03:00:00,18.1,93.0,0,0.7,2.0,29.78,0.0,22.89,29.1,22.3,22.6,0,0,0
2046,2025-08-25 04:00:00,17.9,93.0,0,1.4,2.0,29.77,0.0,22.77,28.69,21.8,22.6,0,0,0
2047,2025-08-25 05:00:00,17.8,94.0,0,0.5,1.6,29.75,0.0,22.72,28.56,21.7,22.6,0,0,0
2048,2025-08-25 06:00:00,18.1,94.0,0,1.0,1.5,29.77,0.0,22.51,28.44,21.6,22.6,0,0,0
2049,2025-08-25 07:00:00,18.3,95.0,0,1.6,2.7,29.79,0.0,22.53,28.4,21.5,22.6,0,0,0
2050,2025-08-25 08:00:00,19.2,95.0,0,0.5,1.4,29.78,0.0,22.61,28.96,21.7,22.6,0,0,0
2051,2025-08-25 09:00:00,21.7,95.0,12,4.4,6.9,29.79,0.0,22.84,29.3,22.1,22.6,0,0,0
2052,2025-08-25 10:00:00,24.9,84.0,12,7.1,10.2,29.79,0.0,23.05,29.31,23.6,22.6,0,0,0
2053,2025-08-25 11:00:00,26.7,73.0,13,4.8,12.2,29.79,0.0,23.28,29.17,24.7,22.6,0,0,0
2054,2025-08-25 12:00:00,28.1,64.0,13,5.7,1.9,29.79,0.0,23.32,29.6,25.5,22.6,0,0,0
2055,2025-08-25 13:00:00,30.3,43.0,12,5.8,11.1,29.78,0.0,23.65,29.57,27.1,22.7,0,0,0
2056,2025-08-25 14:00:00,32.4,38.0,12,6.0,11.4,29.78,0.0,23.96,29.24,28.2,22.8,0,0,0
2057,2025-08-25 15:00:00,32.3,39.0,10,6.8,9.8,29.77,0.0,24.29,28.94,27.0,22.9,0,0,0
2058,2025-08-25 16:00:00,30.8,39.0,13,2.8,5.8,29.77,0.0,24.38,28.64,26.8,23.0,0,0,0
2059,2025-08-25 17:00:00,31.3,34.0,10,10.0,16.6,29.78,0.0,24.22,28.74,28.4,23.2,0,0,0
2060,2025-08-25 18:00:00,18.1,38.0,8,7.3,13.0,29.78,0.0,24.11,28.73,28.2,23.3,1,0,0
2061,2025-08-25 19:00:00,27.3,46.0,11,4.5,8.6,29.8,0.0,24.01,28.67,27.3,23.3,0,0,0
2062,2025-08-25 20:00:00,24.9,52.0,10,2.4,6.1,29.83,0.0,23.99,28.76,26.2,23.4,0,0,0
2063,2025-08-25 21:00:00,22.8,58.0,10,2.7,4.0,29.86,0.0,23.99,29.17,24.7,23.4,0,0,0
2064,2025-08-25 22:00:00,21.3,62.0,0,1.9,3.8,29.87,0.0,24.28,29.34,23.8,23.3,0,0,0
2065,2025-08-25 23:00:00,19.8,66.0,0,2.7,4.5,29.88,0.0,24.25,29.44,22.9,23.2,0,0,0
2066,2025-08-26 00:00:00,19.0,66.0,0,4.0,6.8,29.71,0.0,23.91,29.35,22.2,23.1,0,0,0
2067,2025-08-26 01:00:00,17.9,69.0,0,2.5,4.3,29.9,0.0,23.89,29.51,21.0,23.1,0,0,0
2068,2025-08-26 02:00:00,17.8,67.0,0,3.1,5.2,29.91,0.0,23.6,29.39,20.7,23.1,0,0,0
2069,2025-08-26 03:00:00,16.4,71.0,0,3.1,4.5,29.91,0.0,23.43,29.36,19.8,23.1,0,0,0
2070,2025-08-26 04:00:00,15.5,76.0,0,1.4,2.9,29.92,0.0,23.46,29.32,19.3,23.0,0,0,0
2071,2025-08-26 05:00:00,14.3,79.0,0,2.6,4.4,29.93,0.0,23.48,29.28,18.1,22.9,0,0,0
2072,2025-08-26 06:00:00,14.8,77.0,0,1.8,3.6,29.95,0.0,23.3,29.27,18.7,22.8,0,0,0
2073,2025-08-26 07:00:00,14.2,80.0,0,2.9,5.1,29.98,0.0,23.12,29.1,18.0,22.8,0,0,0
2074,2025-08-26 08:00:00,15.9,79.0,11,1.2,2.7,29.99,0.0,22.9,28.7,18.4,22.7,0,0,0
2075,2025-08-26 09:00:00,19.7,66.0,15,3.8,7.2,29.99,0.0,22.95,28.8,20.1,22.7,0,0,0
2076,2025-08-26 10:00:00,22.4,56.0,14,3.3,6.2,30.01,0.0,23.06,29.23,21.1,22.7,0,0,0
2077,2025-08-26 11:00:00,24.7,48.0,15,2.5,4.3,30.01,0.0,23.07,29.47,22.2,22.6,0,0,0
2078,2025-08-26 12:00:00,27.5,39.0,15,3.0,6.5,29.99,0.0,23.33,29.51,22.6,22.6,0,0,0
2079,2025-08-26 13:00:00,28.9,32.0,14,3.9,8.8,29.98,0.0,23.49,29.6,23.6,22.6,0,0,0
2080,2025-08-26 14:00:00,28.7,32.0,14,3.7,7.5,29.98,0.0,23.6,29.71,23.8,22.6,0,0,0
2081,2025-08-26 15:00:00,27.3,42.0,9,5.9,9.3,29.97,0.0,23.62,29.5,24.2,22.7,0,0,0
2082,2025-08-26 16:00:00,26.7,49.0,7,5.3,12.4,29.96,0.0,23.61,29.42,23.9,22.8,1,0,0
2083,2025-08-26 17:00:00,26.7,50.0,9,4.7,8.4,29.96,0.0,23.59,29.48,24.0,23.2,0,0,0
2084,2025-08-26 18:00:00,26.4,39.0,11,3.0,8.1,29.95,0.0,23.68,29.44,24.3,24.0,0,0,0
2085,2025-08-26 19:00:00,25.2,44.0,12,1.8,3.7,29.96,0.0,23.65,29.42,25.2,23.5,0,0,0
2086,2025-08-26 20:00:00,22.7,52.0,11,2.1,4.8,29.97,0.0,23.52,29.08,24.3,23.3,0,0,0
2087,2025-08-26 21:00:00,21.1,58.0,0,2.4,4.2,29.98,0.0,23.42,29.38,23.2,23.2,0,0,0
2088,2025-08-26 22:00:00,19.4,63.0,0,3.7,6.0,29.99,0.0,23.3,29.69,22.2,23.1,0,0,0
2089,2025-08-26 23:00:00,18.1,69.0,0,2.0,3.7,30.0,0.0,23.33,29.73,21.3,23.0,0,0,0
2090,2025-08-27 00:00:00,17.4,68.0,0,1.7,4.3,30.0,0.0,23.26,29.69,20.3,23.0,0,0,0
2091,2025-08-27 01:00:00,16.7,70.0,0,0.9,2.6,30.0,0.0,22.93,29.69,19.6,22.8,0,0,0
2092,2025-08-27 02:00:00,15.0,76.0,0,2.0,4.1,29.99,0.0,23.0,29.73,18.8,22.7,0,0,0
2093,2025-08-27 03:00:00,14.7,77.0,0,2.7,4.8,29.98,0.0,22.79,29.45,18.6,22.6,0,0,0
2094,2025-08-27 04:00:00,13.8,79.0,0,3.1,5.3,29.99,0.0,22.79,29.28,17.7,22.6,0,0,0
2095,2025-08-27 05:00:00,13.9,71.0,0,2.6,4.7,29.99,0.0,22.68,29.19,17.3,22.6,0,0,0
2096,2025-08-27 06:00:00,13.6,71.0,0,2.9,5.0,30.01,0.0,22.64,29.18,16.7,22.6,0,0,0
2097,2025-08-27 07:00:00,12.8,84.0,14,3.2,5.3,30.03,0.0,22.62,28.85,16.0,22.6,0,0,0
2098,2025-08-27 08:00:00,15.3,79.0,0,3.3,6.2,30.04,0.0,22.49,28.47,17.3,22.6,0,0,0
2099,2025-08-27 09:00:00,18.2,67.0,13,5.5,10.2,30.05,0.0,22.43,28.34,18.3,22.6,0,0,0
2100,2025-08-27 10:00:00,20.2,61.0,13,5.4,9.7,30.05,0.0,22.44,28.62,19.5,22.5,0,0,0
2101,2025-08-27 11:00:00,22.4,49.0,11,8.5,14.3,30.04,0.0,22.41,29.25,20.6,22.5,0,0,0
2102,2025-08-27 12:00:00,23.7,45.0,14,5.1,9.0,30.04,0.0,22.42,29.46,21.4,22.4,0,0,0
2103,2025-08-27 13:00:00,24.6,41.0,11,8.3,16.0,30.03,0.0,22.75,29.4,22.2,22.4,0,0,0
2104,2025-08-27 14:00:00,24.7,44.0,12,7.2,10.8,30.03,0.0,22.6,29.58,22.5,22.4,0,0,0
2105,2025-08-27 15:00:00,24.1,44.0,12,6.2,13.0,30.02,0.0,22.73,29.57,22.9,22.4,0,0,0
2106,2025-08-27 16:00:00,23.9,45.0,14,7.9,13.8,30.01,0.0,22.97,29.43,23.0,22.5,0,0,0
2107,2025-08-27 17:00:00,23.7,44.0,15,6.3,12.3,30.02,0.0,23.05,29.14,23.4,22.5,0,0,0
2108,2025-08-27 18:00:00,23.4,42.0,13,3.4,9.7,30.03,0.0,23.03,29.03,23.7,22.6,0,0,0
2109,2025-08-27 19:00:00,22.6,44.0,13,2.7,6.1,30.04,0.0,22.93,28.75,23.6,22.6,0,0,0
2110,2025-08-27 20:00:00,20.4,51.0,0,2.8,5.0,30.05,0.0,22.75,28.47,22.7,22.6,0,0,0
2111,2025-08-27 21:00:00,18.9,56.0,0,2.6,3.9,30.07,0.0,22.57,28.32,21.7,22.6,0,0,0
2112,2025-08-27 22:00:00,17.1,62.0,0,2.0,3.4,30.09,0.0,22.4,28.55,21.6,22.6,0,0,0
2113,2025-08-27 23:00:00,15.8,66.0,0,2.1,3.7,30.09,0.0,22.4,29.18,20.9,22.5,0,0,0
2114,2025-08-28 00:00:00,15.2,68.0,0,2.0,3.5,30.1,0.0,22.32,29.37,20.0,22.5,0,0,0
2115,2025-08-28 01:00:00,14.6,71.0,0,1.9,3.4,30.11,0.0,22.23,29.19,19.3,22.5,0,0,0
2116,2025-08-28 02:00:00,13.9,75.0,0,2.0,3.0,30.11,0.0,22.23,29.57,18.9,22.4,0,0,0
2117,2025-08-28 03:00:00,13.2,78.0,0,2.0,3.8,30.11,0.0,22.02,29.61,18.6,22.4,0,0,0
2118,2025-08-28 04:00:00,12.7,80.0,0,2.2,3.8,30.11,0.0,22.05,29.25,18.1,22.3,0,0,0
2119,2025-08-28 05:00:00,13.2,80.0,0,2.5,3.8,30.11,0.0,21.98,28.87,18.5,22.2,0,0,0
2120,2025-08-28 06:00:00,13.6,79.0,0,2.2,3.0,30.12,0.0,21.9,28.75,18.1,22.2,0,0,0
2121,2025-08-28 07:00:00,13.5,80.0,0,2.2,3.3,30.12,0.0,21.88,28.6,17.4,22.2,0,0,0
2122,2025-08-28 08:00:00,15.7,79.0,13,1.2,2.6,30.12,0.0,22.02,28.57,18.5,22.1,0,0,0
2123,2025-08-28 09:00:00,20.3,63.0,11,2.5,4.0,30.12,0.0,22.09,28.55,19.7,22.1,0,0,0
2124,2025-08-28 10:00:00,24.9,46.0,9,2.1,4.6,30.12,0.0,22.18,29.04,21.9,22.1,0,0,0
2125,2025-08-28 11:00:00,26.9,39.0,9,4.1,7.0,30.12,0.0,22.2,29.32,22.8,22.1,0,0,0
2126,2025-08-28 12:00:00,25.8,40.0,10,4.2,9.2,30.11,0.0,22.09,29.59,23.1,22.1,0,0,0
2127,2025-08-28 13:00:00,26.6,44.0,8,6.0,10.5,30.09,0.0,22.37,29.59,23.5,22.1,1,0,0
2128,2025-08-28 14:00:00,25.1,52.0,8,9.3,14.5,30.08,0.0,22.35,30.04,23.6,22.3,1,0,0
2129,2025-08-28 15:00:00,27.1,47.0,12,10.8,15.9,30.05,0.0,22.83,30.34,23.8,22.6,0,0,0
2130,2025-08-28 16:00:00,25.8,50.0,8,9.9,15.7,30.03,0.0,22.81,29.87,24.1,22.6,1,0,0
2131,2025-08-28 17:00:00,24.3,54.0,9,10.0,18.7,30.03,0.0,22.59,29.79,24.1,22.6,0,0,0
2132,2025-08-28 18:00:00,24.2,54.0,9,11.9,17.9,30.03,0.0,22.54,29.75,23.6,22.6,0,0,0
2133,2025-08-28 19:00:00,23.2,30.0,8,11.0,13.4,30.02,0.0,22.39,29.63,23.3,22.5,1,0,0
2134,2025-08-28 20:00:00,21.3,69.0,0,10.7,15.1,30.03,0.0,22.29,29.71,23.1,22.5,0,0,0
2135,2025-08-28 21:00:00,20.9,67.0,0,10.3,15.9,30.03,0.0,22.18,29.69,22.9,22.5,0,0,0
2136,2025-08-28 22:00:00,20.7,70.0,0,8.6,13.8,30.03,0.0,22.14,29.49,22.9,22.4,0,0,0
2137,2025-08-28 23:00:00,20.1,71.0,0,5.2,9.0,30.02,0.0,22.07,29.65,22.8,22.5,0,0,0
2138,2025-08-29 00:00:00,19.8,72.0,0,4.5,7.0,30.01,0.0,22.01,29.72,22.8,22.4,0,0,0
2139,2025-08-29 01:00:00,18.7,73.0,0,3.3,6.1,30.01,0.0,21.88,29.91,20.7,22.4,0,0,0
2140,2025-08-29 02:00:00,18.2,71.0,0,1.1,2.0,29.98,0.0,21.88,29.74,20.3,22.4,0,0,0
2141,2025-08-29 03:00:00,17.7,73.0,0,0.6,1.6,29.97,0.0,21.88,29.5,20.6,22.3,0,0,0
2142,2025-08-29 04:00:00,17.1,77.0,0,1.9,2.9,29.96,0.0,21.91,29.23,22.2,22.2,0,0,0
2143,2025-08-29 05:00:00,16.8,82.0,0,0.9,2.2,29.95,0.0,21.82,29.06,21.8,22.2,0,0,0
2144,2025-08-29 06:00:00,16.4,84.0,0,1.8,3.3,29.95,0.0,21.83,28.66,21.3,22.2,0,0,0
2145,2025-08-29 07:00:00,16.4,85.0,0,2.0,3.4,29.95,0.0,21.81,28.1,20.6,22.2,0,0,0
2146,2025-08-29 08:00:00,17.8,84.0,8,1.9,3.6,29.95,0.0,21.89,27.86,21.3,22.1,1,0,0
2147,2025-08-29 09:00:00,21.6,74.0,11,4.3,7.8,29.95,0.0,21.99,27.67,21.5,22.1,0,0,0
2148,2025-08-29 10:00:00,22.2,72.0,11,4.4,7.7,29.94,0.0,22.06,28.05,21.8,22.1,0,0,0
2149,2025-08-29 11:00:00,23.8,59.0,14,2.6,5.6,29.93,0.0,22.3,28.68,21.9,22.1,0,0,0
2150,2025-08-29 12:00:00,25.2,49.0,11,2.8,6.5,29.91,0.0,22.22,29.32,23.5,22.1,0,0,0
2151,2025-08-29 13:00:00,26.7,44.0,12,3.4,7.3,29.91,0.0,22.42,29.46,24.3,22.1,0,0,0
2152,2025-08-29 14:00:00,26.1,50.0,13,4.1,8.5,29.91,0.0,22.43,29.65,23.9,22.2,0,0,0
2153,2025-08-29 15:00:00,26.2,48.0,12,5.8,9.6,29.89,0.0,22.71,30.18,24.4,22.3,0,0,0
2154,2025-08-29 16:00:00,25.6,51.0,13,4.6,8.0,29.88,0.0,23.21,29.95,24.7,22.5,0,0,0
2155,2025-08-29 17:00:00,25.8,49.0,15,6.0,11.3,29.88,0.0,22.92,29.8,24.7,22.8,0,0,0
2156,2025-08-29 18:00:00,24.8,52.0,11,4.1,8.1,29.88,0.0,22.8,29.4,24.5,23.0,0,0,0
2157,2025-08-29 19:00:00,23.6,55.0,12,2.5,5.3,29.89,0.0,22.66,29.19,24.3,23.3,0,0,0
2158,2025-08-29 20:00:00,21.6,62.0,0,1.3,2.4,29.9,0.0,22.54,29.0,23.6,23.4,0,0,0
2159,2025-08-29 21:00:00,19.3,67.0,0,3.2,7.8,29.91,0.0,22.41,28.74,23.2,23.3,0,0,0
2160,2025-08-29 22:00:00,19.3,67.0,0,3.2,7.8,29.91,0.0,22.36,28.48,22.4,23.1,0,0,0
2161,2025-08-29 23:00:00,17.9,68.0,0,2.6,4.9,29.91,0.0,22.22,28.59,26.6,23.0,0,0,0
2162,2025-08-30 00:00:00,17.6,65.0,0,4.6,7.9,29.93,0.0,22.04,28.96,19.8,22.9,0,0,0
2163,2025-08-30 01:00:00,16.9,66.0,0,4.7,9.0,29.94,0.0,21.87,29.21,19.1,22.7,0,0,0
2164,2025-08-30 02:00:00,16.1,68.0,0,3.7,8.4,29.96,0.0,21.79,29.28,18.3,22.6,0,0,0
2165,2025-08-30 03:00:00,15.1,67.0,0,4.7,8.2,29.96,0.0,21.73,29.02,17.7,22.5,0,0,0
2166,2025-08-30 04:00:00,14.4,66.0,0,4.7,9.0,29.96,0.0,21.78,29.02,16.9,22.4,0,0,0
2167,2025-08-30 05:00:00,13.7,68.0,0,2.8,4.5,29.98,0.0,21.79,29.23,16.6,22.3,0,0,0
2168,2025-08-30 06:00:00,12.3,72.0,15,2.2,4.0,29.99,0.0,21.73,29.3,16.1,22.3,0,0,0
2169,2025-08-30 07:00:00,11.6,77.0,0,3.6,6.7,30.01,0.0,21.52,29.17,14.9,22.2,0,0,0
2170,2025-08-30 08:00:00,13.8,73.0,15,3.0,6.2,30.02,0.0,21.37,28.88,15.9,22.2,0,0,0
2171,2025-08-30 09:00:00,16.8,63.0,0,5.1,10.4,30.03,0.0,21.42,28.53,17.3,22.1,0,0,0
2172,2025-08-30 10:00:00,18.2,58.0,0,4.7,10.5,30.05,0.0,21.49,28.41,17.9,22.1,0,0,0
2173,2025-08-30 11:00:00,20.8,51.0,0,4.1,8.2,30.04,0.0,21.65,28.52,18.8,22.1,0,0,0
2174,2025-08-30 12:00:00,22.1,45.0,0,6.4,11.5,30.03,0.0,21.72,28.88,20.2,22.1,0,0,0
2175,2025-08-30 13:00:00,22.8,43.0,0,4.3,9.3,30.02,0.0,21.77,29.42,20.7,22.1,0,0,0
2176,2025-08-30 14:00:00,23.9,40.0,13,6.9,11.7,30.01,0.0,22.17,29.5,21.7,22.1,0,0,0
2177,2025-08-30 15:00:00,23.7,39.0,15,2.7,9.7,30.0,0.0,21.88,29.9,22.4,22.1,0,0,0
2178,2025-08-30 16:00:00,24.9,39.0,15,2.6,5.1,30.0,0.0,22.59,31.0,22.6,22.2,0,0,0
2179,2025-08-30 17:00:00,23.5,46.0,6,2.9,7.8,30.01,0.0,22.58,30.22,22.1,22.3,1,0,0
2180,2025-08-30 18:00:00,22.5,48.0,9,4.6,10.2,30.03,0.0,22.09,30.05,22.1,22.5,0,0,0
2181,2025-08-30 19:00:00,21.4,54.0,8,4.9,8.5,30.03,0.0,22.06,29.95,21.8,22.7,1,0,0
2182,2025-08-30 20:00:00,19.4,61.0,0,3.2,6.5,30.05,0.0,22.17,29.84,21.2,22.8,0,0,0
2183,2025-08-30 21:00:00,17.9,67.0,0,4.1,6.4,30.07,0.0,22.12,29.73,21.1,22.7,0,0,0
2184,2025-08-30 22:00:00,16.7,73.0,0,1.9,3.4,30.07,0.0,21.88,29.35,20.9,22.6,0,0,0
2185,2025-08-30 23:00:00,15.8,77.0,0,1.4,2.9,30.08,0.0,21.76,29.29,21.2,22.5,0,0,0
2186,2025-08-31 00:00:00,14.8,81.0,0,1.5,3.0,30.08,0.0,21.62,29.44,19.8,22.4,0,0,0
2187,2025-08-31 01:00:00,14.6,83.0,0,1.6,3.3,30.09,0.0,21.52,29.68,18.6,22.3,0,0,0
2188,2025-08-31 02:00:00,13.8,82.0,0,2.1,4.2,30.09,0.0,21.36,29.62,18.3,22.3,0,0,0
2189,2025-08-31 03:00:00,13.6,76.0,0,2.4,4.7,30.09,0.0,21.25,29.72,18.7,22.3,0,0,0
2190,2025-08-31 04:00:00,13.4,75.0,0,2.5,4.7,30.1,0.0,21.19,29.52,17.5,22.2,0,0,0
2191,2025-08-31 05:00:00,13.2,75.0,0,2.2,4.7,30.11,0.0,21.25,29.35,17.1,22.1,0,0,0
2192,2025-08-31 06:00:00,12.9,75.0,0,2.8,5.1,30.11,0.0,21.28,29.49,16.6,22.1,0,0,0
2193,2025-08-31 07:00:00,12.9,75.0,0,3.2,5.9,30.14,0.0,21.05,29.22,16.3,22.1,0,0,0
2194,2025-08-31 08:00:00,15.1,74.0,0,3.6,6.2,30.15,0.0,21.03,28.9,17.0,22.1,0,0,0
2195,2025-08-31 09:00:00,19.2,67.0,1,4.2,7.9,30.16,0.0,21.13,28.61,18.9,22.1,1,0,0
2196,2025-08-31 10:00:00,21.7,60.0,1,6.2,11.3,30.16,0.0,21.27,28.54,20.8,22.1,1,0,0
2197,2025-08-31 11:00:00,22.6,56.0,2,5.4,12.6,30.17,0.0,21.45,28.66,20.9,22.1,1,0,0
2198,2025-08-31 12:00:00,22.7,56.0,2,5.8,10.5,30.17,0.0,21.7,28.92,20.9,22.0,1,0,0
2199,2025-08-31 13:00:00,23.2,51.0,3,5.2,10.5,30.16,0.0,21.69,29.32,21.1,22.0,1,0,0
2200,2025-08-31 14:00:00,23.9,50.0,3,5.4,9.9,30.16,0.0,21.48,29.78,21.6,22.0,1,0,0
2201,2025-08-31 15:00:00,23.8,47.0,3,5.0,11.4,30.14,0.0,22.13,29.53,22.3,22.1,1,0,0
2202,2025-08-31 16:00:00,22.9,54.0,3,4.6,10.5,30.13,0.0,21.94,30.39,22.1,22.1,1,0,0
2203,2025-08-31 17:00:00,23.2,55.0,3,3.2,6.8,30.13,0.0,22.87,30.59,22.1,22.1,1,0,0
2204,2025-08-31 18:00:00,22.1,61.0,3,1.5,3.8,30.14,0.0,22.41,30.11,21.9,22.3,1,0,0
2205,2025-08-31 19:00:00,21.0,66.0,0,0.6,2.0,30.13,0.0,22.02,29.95,21.8,22.4,0,0,0
2206,2025-08-31 20:00:00,19.6,71.0,0,1.3,2.3,30.13,0.0,22.2,29.9,21.6,22.5,0,0,0
2207,2025-08-31 21:00:00,17.9,48.0,0,0.3,1.0,30.15,0.0,22.19,29.79,21.7,22.4,0,0,0
2208,2025-08-31 22:00:00,17.7,78.0,0,0.0,0.6,30.16,0.0,22.06,29.75,21.4,22.4,0,0,0
2209,2025-08-31 23:00:00,16.8,81.0,2,1.0,2.3,30.15,0.0,22.01,29.8,21.4,22.3,1,0,0
2210,2025-09-01 00:00:00,15.9,83.0,1,1.1,2.0,30.16,0.0,21.95,29.62,21.2,22.2,1,0,0
2211,2025-09-01 01:00:00,15.5,85.0,1,1.1,2.0,30.16,0.0,21.92,29.64,21.0,22.2,1,0,0
2212,2025-09-01 02:00:00,14.8,86.0,1,1.6,2.9,30.15,0.0,21.84,29.89,21.3,22.1,1,0,0
2213,2025-09-01 03:00:00,14.3,88.0,0,2.7,4.2,30.15,0.0,21.74,29.96,18.9,22.1,0,0,0
2214,2025-09-01 04:00:00,13.9,88.0,0,2.1,3.1,30.14,0.0,21.51,29.42,18.0,22.1,0,0,0
2215,2025-09-01 05:00:00,13.8,90.0,0,2.5,3.9,30.14,0.0,21.47,29.35,17.9,22.1,0,0,0
2216,2025-09-01 06:00:00,13.7,90.0,0,2.0,3.5,30.16,0.0,21.43,29.26,17.6,22.1,0,0,0
2217,2025-09-01 07:00:00,14.3,90.0,0,2.9,4.8,30.17,0.0,21.39,29.02,18.3,22.1,0,0,0
2218,2025-09-01 08:00:00,16.4,89.0,0,4.0,7.6,30.17,0.0,21.38,29.26,19.0,22.1,0,0,0
2219,2025-09-01 09:00:00,19.8,77.0,2,4.6,7.9,30.19,0.0,21.39,29.19,21.7,22.0,1,0,0
2220,2025-09-01 10:00:00,21.3,71.0,3,7.2,14.1,30.2,0.0,21.51,29.24,21.8,22.0,1,0,0
2221,2025-09-01 11:00:00,22.3,66.0,3,9.2,15.3,30.19,0.0,21.67,29.28,21.9,22.0,1,0,0
2222,2025-09-01 12:00:00,22.8,62.0,3,7.3,15.8,30.2,0.0,21.82,29.25,21.4,22.0,1,0,0
2223,2025-09-01 13:00:00,23.2,62.0,2,7.4,13.4,30.19,0.0,22.11,29.38,21.6,21.9,1,0,0
2224,2025-09-01 14:00:00,23.2,64.0,2,6.7,12.8,30.19,0.0,21.83,29.55,21.6,21.9,1,0,0
2225,2025-09-01 15:00:00,21.7,68.0,2,4.3,10.2,30.19,0.0,21.81,30.2,22.0,22.0,1,0,0
2226,2025-09-01 16:00:00,22.3,63.0,2,8.3,18.1,30.17,0.0,22.21,29.91,21.5,22.0,1,0,0
2227,2025-09-01 17:00:00,21.9,65.0,2,7.2,12.6,30.17,0.0,22.21,30.42,21.5,22.1,1,0,0
2228,2025-09-01 18:00:00,21.2,69.0,3,5.0,11.5,30.16,0.0,22.74,30.93,21.4,22.1,1,0,0
2229,2025-09-01 19:00:00,20.3,72.0,2,3.6,9.0,30.16,0.0,22.84,30.39,21.2,22.1,1,0,0
2230,2025-09-01 20:00:00,19.4,76.0,0,4.0,9.5,30.16,0.0,22.52,30.54,20.9,22.2,0,0,0
2231,2025-09-01 21:00:00,18.8,75.0,0,4.1,9.4,30.17,0.0,22.23,30.5,20.8,22.2,0,0,0
2232,2025-09-01 22:00:00,20.2,76.0,0,2.7,5.5,30.17,0.0,22.38,30.68,20.6,22.1,0,0,0
2233,2025-09-01 23:00:00,18.2,77.0,0,3.1,7.1,30.14,0.0,22.21,30.61,20.6,22.1,0,0,0
2234,2025-09-02 00:00:00,17.9,79.0,0,2.1,4.6,30.14,0.0,22.12,30.56,20.6,22.1,0,0,0
2235,2025-09-02 01:00:00,17.4,81.0,0,1.9,3.6,30.13,0.0,21.92,30.41,20.3,22.1,0,0,0
2236,2025-09-02 02:00:00,16.3,84.0,0,1.5,2.8,30.11,0.0,21.84,30.25,20.2,22.0,0,0,0
2237,2025-09-02 03:00:00,15.4,95.0,0,1.8,2.9,30.11,0.0,21.73,30.07,20.2,22.0,0,0,0
2238,2025-09-02 04:00:00,14.2,87.0,0,1.8,2.8,30.1,0.0,21.72,30.28,19.9,22.0,0,0,0
2239,2025-09-02 05:00:00,13.6,90.0,0,2.0,2.7,30.1,0.0,21.69,30.54,20.1,21.9,0,0,0
2240,2025-09-02 06:00:00,13.3,91.0,0,2.1,3.0,30.1,0.0,21.53,30.53,19.3,21.9,0,0,0
2241,2025-09-02 07:00:00,13.4,92.0,0,3.3,4.8,30.1,0.0,21.38,30.19,17.7,21.9,0,0,0
2242,2025-09-02 08:00:00,15.1,92.0,0,2.4,4.6,30.1,0.0,21.35,29.66,17.9,21.9,0,0,0
2243,2025-09-02 09:00:00,17.3,89.0,0,2.1,4.0,30.1,0.0,21.52,29.85,20.8,21.9,0,0,0
2244,2025-09-02 10:00:00,21.6,72.0,2,6.9,12.5,30.1,0.0,21.57,29.81,21.1,21.9,1,0,0
2245,2025-09-02 11:00:00,22.2,67.0,3,4.2,10.5,30.11,0.0,21.75,30.0,21.5,21.9,1,0,0
2246,2025-09-02 12:00:00,22.7,69.0,3,5.9,10.5,30.09,0.0,21.92,29.91,21.4,21.9,1,0,0
2247,2025-09-02 13:00:00,21.8,69.0,3,3.6,8.0,30.08,0.0,22.14,29.87,21.3,21.9,1,0,0
2248,2025-09-02 14:00:00,22.8,67.0,2,5.4,12.8,30.07,0.0,22.65,29.99,21.7,21.9,1,0,0
2249,2025-09-02 15:00:00,22.7,65.0,3,4.5,9.4,30.06,0.0,22.44,29.81,21.5,21.9,1,0,0
2250,2025-09-02 16:00:00,22.7,63.0,3,5.3,9.8,30.04,0.0,22.25,29.93,21.3,21.9,1,0,0
2251,2025-09-02 17:00:00,22.2,66.0,2,5.9,9.0,30.03,0.0,22.58,30.08,21.8,22.1,1,0,0
2252,2025-09-02 18:00:00,21.3,72.0,3,2.0,7.6,30.02,0.0,22.36,30.6,21.8,22.1,1,0,0
2253,2025-09-02 19:00:00,20.3,74.0,3,1.6,4.1,30.01,0.0,22.8,30.91,21.3,22.1,1,0,0
2254,2025-09-02 20:00:00,18.6,81.0,0,0.5,2.4,30.01,0.0,23.04,30.78,20.8,22.1,0,0,0
2255,2025-09-02 21:00:00,17.6,85.0,0,0.4,1.5,30.01,0.0,22.27,30.57,20.7,22.1,0,0,0
2256,2025-09-02 22:00:00,16.9,88.0,0,0.4,1.8,30.0,0.0,22.42,30.6,20.7,22.1,0,0,0
2257,2025-09-02 23:00:00,16.3,90.0,0,1.2,2.0,30.0,0.0,22.59,30.68,20.6,22.1,0,0,0
2258,2025-09-03 00:00:00,16.2,90.0,0,1.3,1.6,29.99,0.0,22.41,30.51,20.6,22.1,0,0,0
2259,2025-09-03 01:00:00,15.3,90.0,0,1.7,2.4,29.98,0.0,22.18,30.32,20.6,22.1,0,0,0
2260,2025-09-03 02:00:00,15.3,92.0,0,2.3,3.4,29.96,0.0,22.1,29.77,20.3,22.1,0,0,0
2261,2025-09-03 03:00:00,14.9,92.0,0,2.0,3.4,29.95,0.0,21.94,29.51,19.0,22.0,0,0,0
2262,2025-09-03 04:00:00,14.6,92.0,0,1.6,2.9,29.95,0.0,21.89,29.92,18.3,22.0,0,0,0
2263,2025-09-03 05:00:00,14.3,93.0,0,3.0,5.0,29.94,0.0,21.69,29.66,17.6,22.0,0,0,0
2264,2025-09-03 06:00:00,14.3,94.0,0,2.6,4.4,29.94,0.0,21.57,29.54,17.4,22.0,0,0,0
2265,2025-09-03 07:00:00,14.6,94.0,0,2.4,4.4,29.95,0.0,21.59,29.53,17.5,22.0,0,0,0
2266,2025-09-03 08:00:00,16.3,95.0,0,1.3,3.0,29.96,0.0,21.69,29.62,18.6,21.9,0,0,0
2267,2025-09-03 09:00:00,18.9,90.0,2,3.5,5.4,29.96,0.0,21.81,29.53,19.7,21.9,1,0,0
2268,2025-09-03 10:00:00,21.8,68.0,1,2.9,4.4,29.95,0.0,21.95,29.31,20.2,21.9,1,0,0
2269,2025-09-03 11:00:00,23.6,63.0,3,5.0,10.0,29.94,0.0,22.14,29.24,20.8,21.9,1,0,0
2270,2025-09-03 12:00:00,23.5,64.0,2,2.5,4.4,29.92,0.0,22.39,29.21,21.6,22.0,1,0,0
2271,2025-09-03 13:00:00,23.3,63.0,3,4.7,9.4,29.91,0.0,22.52,29.42,21.8,22.0,1,0,0
2272,2025-09-03 14:00:00,23.2,65.0,3,4.1,8.3,29.9,0.0,22.7,29.54,22.2,22.0,1,0,0
2273,2025-09-03 15:00:00,24.3,62.0,7,4.5,8.0,29.88,0.0,22.99,29.72,22.3,22.0,1,0,0
2274,2025-09-03 16:00:00,23.9,62.0,4,3.5,6.6,29.87,0.0,23.02,29.74,22.2,22.1,1,0,0
2275,2025-09-03 17:00:00,23.3,62.0,5,3.5,8.2,29.86,0.0,22.89,30.02,22.3,22.2,0,0,0
2276,2025-09-03 18:00:00,22.3,66.0,6,3.2,6.1,29.96,0.0,22.95,30.13,22.1,22.4,1,0,0
2277,2025-09-03 19:00:00,21.3,70.0,7,2.9,5.0,29.86,0.0,23.16,30.77,21.6,22.5,1,0,0
2278,2025-09-03 20:00:00,19.2,76.0,0,0.0,0.2,29.86,0.0,23.61,30.71,21.0,22.6,0,0,0
2279,2025-09-03 21:00:00,17.6,83.0,0,1.3,2.4,29.86,0.0,23.14,30.59,20.9,22.5,0,0,0
2280,2025-09-03 22:00:00,16.3,88.0,0,0.6,2.0,29.87,0.0,22.73,30.35,20.9,22.4,0,0,0
2281,2025-09-03 23:00:00,16.1,89.0,0,2.3,3.4,29.88,0.0,22.88,30.43,20.7,22.3,0,0,0
2282,2025-09-04 00:00:00,15.8,90.0,0,0.1,1.0,29.88,0.0,22.58,29.69,20.7,22.3,0,0,0
2283,2025-09-04 01:00:00,15.8,91.0,0,0.5,1.1,29.88,0.0,22.46,29.36,20.8,22.2,0,0,0
2284,2025-09-04 02:00:00,15.9,92.0,0,2.6,5.4,29.87,0.0,22.39,29.08,21.0,22.1,0,0,0
2285,2025-09-04 03:00:00,16.0,93.0,0,1.9,3.6,29.87,0.0,22.42,29.1,20.2,22.1,0,0,0
2286,2025-09-04 04:00:00,15.6,93.0,0,0.6,1.6,29.85,0.0,22.21,28.83,19.5,22.2,0,0,0
2287,2025-09-04 05:00:00,15.2,93.0,0,1.1,2.4,29.85,0.0,22.1,29.24,19.3,22.2,0,0,0
2288,2025-09-04 06:00:00,15.2,93.0,0,1.4,2.8,29.85,0.0,22.11,29.81,19.8,22.2,0,0,0
2289,2025-09-04 07:00:00,14.8,94.0,0,1.5,2.4,29.87,0.0,22.08,29.74,19.4,22.1,0,0,0
2290,2025-09-04 08:00:00,17.0,94.0,8,2.9,4.4,29.88,0.0,22.21,29.98,21.1,22.1,1,0,0
2291,2025-09-04 09:00:00,20.8,93.0,9,5.6,10.0,29.88,0.0,22.2,29.9,22.3,22.1,0,0,0
2292,2025-09-04 10:00:00,24.3,75.0,8,6.2,11.8,29.88,0.0,22.44,29.99,22.8,22.1,1,0,0
2293,2025-09-04 11:00:00,26.2,68.0,9,10.4,14.3,29.88,0.0,22.77,29.96,22.8,22.0,0,0,0
2294,2025-09-04 12:00:00,27.4,63.0,8,9.8,16.0,29.86,0.0,22.95,30.03,23.3,22.0,1,0,0
2295,2025-09-04 13:00:00,26.4,67.0,9,11.3,18.9,29.85,0.0,23.03,30.12,24.1,22.1,0,0,0
2296,2025-09-04 14:00:00,26.6,64.0,8,9.9,14.7,29.83,0.0,23.04,30.14,23.9,22.1,1,0,0
2297,2025-09-04 15:00:00,25.7,68.0,9,13.9,23.8,29.82,0.0,23.14,30.16,23.8,22.1,0,0,0
2298,2025-09-04 16:00:00,25.6,64.0,8,15.2,24.5,29.8,0.0,23.51,30.19,23.9,22.2,1,0,0
2299,2025-09-04 17:00:00,24.7,67.0,9,11.8,23.0,29.79,0.0,23.81,30.33,23.8,22.3,0,0,0
2300,2025-09-04 18:00:00,23.4,71.0,9,14.0,22.6,29.8,0.0,23.53,30.28,23.4,22.2,0,0,0
2301,2025-09-04 19:00:00,22.2,77.0,9,12.9,21.2,29.8,0.0,23.61,30.63,22.9,22.3,0,0,0
2302,2025-09-04 20:00:00,21.8,79.0,9,9.2,17.6,29.8,0.0,23.31,30.66,23.0,22.2,0,0,0
2303,2025-09-04 21:00:00,21.8,79.0,8,14.0,18.8,29.81,0.0,23.66,30.4,23.0,22.2,1,0,0
2304,2025-09-04 22:00:00,21.9,78.0,9,11.0,18.3,29.81,0.0,23.23,30.38,23.1,22.2,0,0,0
2305,2025-09-04 23:00:00,21.8,81.0,8,12.2,21.4,29.82,0.0,23.15,30.36,23.1,22.1,1,0,0
2306,2025-09-05 00:00:00,22.2,79.0,9,11.7,19.9,29.82,0.0,23.31,30.19,23.3,22.1,0,0,0
2307,2025-09-05 01:00:00,23.9,75.0,9,11.2,19.4,29.82,0.0,23.31,30.37,24.2,22.1,0,0,0
2308,2025-09-05 02:00:00,22.3,79.0,7,9.4,14.3,29.82,0.0,23.19,30.36,24.3,22.1,1,0,0
2309,2025-09-05 03:00:00,22.2,82.0,9,9.1,13.5,29.82,0.0,22.93,30.15,24.2,22.1,0,0,0
2310,2025-09-05 04:00:00,21.9,84.0,8,7.8,12.7,29.83,0.0,22.85,30.23,24.1,22.1,1,0,0
2311,2025-09-05 05:00:00,21.2,86.0,0,3.7,5.2,29.84,0.0,22.72,30.11,23.9,22.1,0,0,0
2312,2025-09-05 06:00:00,20.3,87.0,0,5.7,10.1,29.86,0.0,22.64,29.96,23.9,22.1,0,0,0
2313,2025-09-05 07:00:00,19.8,88.0,0,5.5,10.3,29.88,0.0,22.87,30.25,24.0,22.1,0,0,0
2314,2025-09-05 08:00:00,20.5,88.0,0,6.1,10.1,29.89,0.0,22.75,30.33,24.4,22.1,0,0,0
2315,2025-09-05 09:00:00,23.0,81.0,10,4.5,7.6,29.91,0.0,22.88,30.05,24.5,22.1,0,0,0
2316,2025-09-05 10:00:00,26.4,69.0,9,6.7,9.5,29.91,0.0,23.11,29.8,25.1,22.1,0,0,0
2317,2025-09-05 11:00:00,29.1,61.0,9,9.3,12.5,29.91,0.0,23.29,29.68,25.2,22.1,0,0,0
2318,2025-09-05 12:00:00,30.3,55.0,8,7.8,13.6,29.91,0.0,23.46,29.51,25.4,22.0,1,0,0
2319,2025-09-05 13:00:00,29.6,57.0,9,9.8,15.7,29.9,0.0,23.55,29.16,26.4,22.1,0,0,0
2320,2025-09-05 14:00:00,29.0,56.0,8,14.8,23.6,29.9,0.0,23.69,29.09,26.1,22.1,1,0,0
2321,2025-09-05 15:00:00,29.1,91.0,9,10.3,16.6,29.88,0.0,23.62,29.08,25.9,22.2,0,0,0
2322,2025-09-05 16:00:00,21.9,84.0,8,7.8,12.7,29.83,0.0,23.52,29.39,25.8,22.3,1,0,0
2323,2025-09-05 17:00:00,21.2,86.0,0,3.7,5.2,29.84,0.0,24.06,30.13,26.3,22.4,0,0,0
2324,2025-09-05 18:00:00,20.3,87.0,0,5.7,10.1,29.86,0.0,24.37,30.21,25.1,22.4,0,0,0
2325,2025-09-05 19:00:00,19.8,88.0,0,5.5,10.3,29.88,0.0,23.92,30.44,25.7,22.4,0,0,0
2326,2025-09-05 20:00:00,20.5,88.0,0,6.1,10.1,29.89,0.0,24.07,30.52,23.5,22.4,0,0,0
2327,2025-09-05 21:00:00,23.0,81.0,10,4.5,7.6,29.91,0.0,23.92,30.64,23.3,22.4,0,0,0
2328,2025-09-05 22:00:00,26.4,69.0,9,6.7,9.5,29.91,0.0,24.24,30.46,23.2,22.4,0,0,0
2329,2025-09-05 23:00:00,29.1,61.0,9,7.2,10.5,29.91,0.0,24.04,30.41,23.1,22.4,0,0,0
2330,2025-09-06 00:00:00,22.9,83.0,9,8.5,12.2,29.95,0.0,23.95,30.41,22.8,22.3,0,0,0
2331,2025-09-06 01:00:00,22.7,83.0,9,9.1,15.8,29.94,0.0,23.9,30.22,22.7,22.2,0,0,0
2332,2025-09-06 02:00:00,22.6,84.0,9,7.0,12.6,29.93,0.0,23.53,29.67,21.9,22.2,0,0,0
2333,2025-09-06 03:00:00,22.6,87.0,9,5.4,8.7,29.92,0.0,23.42,29.37,21.1,22.1,0,0,0
2334,2025-09-06 04:00:00,22.6,90.0,9,7.2,11.4,29.91,0.0,23.32,29.09,20.6,22.3,0,0,0
2335,2025-09-06 05:00:00,22.6,91.0,9,6.2,9.4,29.91,0.0,23.33,29.06,20.6,22.3,0,0,0
2336,2025-09-06 06:00:00,22.6,92.0,9,6.3,9.7,29.92,0.0,23.3,29.28,19.7,22.3,0,0,0
2337,2025-09-06 07:00:00,22.4,93.0,9,7.2,9.9,29.93,0.0,23.51,29.97,19.3,22.3,0,0,0
2338,2025-09-06 08:00:00,23.3,93.0,9,7.1,10.5,29.93,0.0,23.52,30.37,18.7,22.3,0,0,0
2339,2025-09-06 09:00:00,25.4,84.0,9,9.8,14.5,29.93,0.0,23.61,30.16,19.0,22.3,0,0,0
2340,2025-09-06 10:00:00,27.6,95.0,9,10.5,14.4,29.93,0.0,23.66,30.45,18.7,22.3,0,0,0
2341,2025-09-06 11:00:00,28.3,73.0,9,12.1,18.3,29.92,0.0,23.79,30.42,18.4,22.2,0,0,0
2342,2025-09-06 12:00:00,29.2,71.0,9,13.8,24.3,29.91,0.0,23.94,29.88,18.2,22.2,0,0,0
2343,2025-09-06 13:00:00,29.8,68.0,9,12.9,18.7,29.9,0.0,23.07,29.61,26.4,22.2,0,0,0
2344,2025-09-06 14:00:00,29.9,95.0,9,12.6,18.6,29.88,0.0,24.26,29.42,26.1,22.3,0,0,0
2345,2025-09-06 15:00:00,30.2,65.0,9,14.1,21.2,29.95,0.0,24.39,29.81,25.9,22.3,0,0,0
2346,2025-09-06 16:00:00,28.5,67.0,13,5.2,10.3,29.97,0.0,24.29,28.89,25.8,22.3,0,0,0
2347,2025-09-06 17:00:00,27.6,75.0,9,6.1,9.0,29.84,0.0,24.25,28.91,26.3,22.4,0,0,0
2348,2025-09-06 18:00:00,25.8,78.0,9,6.1,10.6,29.87,0.0,24.41,29.77,25.1,22.5,0,0,0
2349,2025-09-06 19:00:00,24.1,84.0,11,1.6,2.7,29.9,0.0,24.75,30.34,25.7,22.4,0,0,0
2350,2025-09-06 20:00:00,22.9,90.0,3,1.0,2.0,29.92,0.29,24.6,30.54,23.5,22.5,1,0,0
2351,2025-09-06 21:00:00,22.5,92.0,9,0.2,1.8,29.94,0.24,24.44,29.69,23.3,22.5,0,0,0
2352,2025-09-06 22:00:00,22.1,93.0,5,1.2,2.0,29.93,0.11,24.46,30.3,23.2,22.5,0,0,0
2353,2025-09-06 23:00:00,22.0,94.0,11,0.0,0.9,29.93,0.12,24.46,30.25,23.1,22.5,0,0,0
2354,2025-09-07 00:00:00,21.8,94.0,4,0.0,0.7,29.93,0.0,24.1,28.96,22.8,22.5,1,0,0
2355,2025-09-07 01:00:00,21.2,94.0,0,1.6,2.2,29.93,0.0,24.18,29.39,22.7,22.5,0,0,0
2356,2025-09-07 02:00:00,20.2,94.0,0,3.6,6.8,29.93,0.0,24.01,29.23,21.9,22.4,0,0,0
2357,2025-09-07 03:00:00,18.5,94.0,0,4.4,8.0,29.93,0.03,23.91,29.23,21.1,22.4,0,0,0
2358,2025-09-07 04:00:00,18.4,94.0,0,3.0,5.1,29.92,0.02,23.86,28.86,20.6,22.4,0,0,0
2359,2025-09-07 05:00:00,18.1,94.0,0,2.6,4.7,29.92,0.0,23.77,29.0,20.6,22.4,0,0,0
2360,2025-09-07 06:00:00,17.6,95.0,0,3.2,5.7,29.93,0.0,23.64,29.31,20.8,22.4,0,0,0
2361,2025-09-07 07:00:00,17.6,95.0,0,4.1,8.1,29.96,0.0,23.52,29.56,19.7,22.4,0,0,0
2362,2025-09-07 08:00:00,16.9,95.0,0,2.6,5.2,29.98,0.0,23.47,29.74,19.3,22.4,0,0,0
2363,2025-09-07 09:00:00,16.6,95.0,0,4.1,7.0,29.98,0.0,23.45,29.58,18.7,22.4,0,0,0
2364,2025-09-07 10:00:00,16.6,95.0,0,1.8,3.9,30.01,0.03,23.41,29.56,19.0,22.4,0,0,0
2365,2025-09-07 11:00:00,16.8,95.0,0,2.9,4.6,30.01,0.09,23.38,29.58,18.7,22.3,0,0,0
2366,2025-09-07 12:00:00,17.2,95.0,0,2.5,4.4,30.02,0.02,23.48,28.99,18.4,22.3,0,0,0
2367,2025-09-07 13:00:00,17.1,95.0,0,2.7,5.4,30.02,0.13,23.5,28.8,18.2,22.3,0,0,0
2368,2025-09-07 14:00:00,17.7,95.0,0,1.7,3.4,30.01,0.02,23.46,28.78,18.1,22.3,0,0,0
2369,2025-09-07 15:00:00,18.2,95.0,0,2.3,3.4,30.01,0.01,23.38,28.75,18.2,22.3,0,0,0
2370,2025-09-07 16:00:00,18.3,93.0,0,1.4,3.0,30.01,0.0,23.3,28.87,18.7,22.3,0,0,0
2371,2025-09-07 17:00:00,18.5,93.0,0,0.4,1.8,30.0,0.0,23.24,29.01,18.9,22.3,0,0,0
2372,2025-09-07 18:00:00,18.8,92.0,0,1.6,2.4,30.01,0.0,23.19,29.33,19.2,22.2,0,0,0
2373,2025-09-07 19:00:00,18.8,91.0,0,1.0,2.0,30.02,0.0,22.96,29.69,19.6,22.2,0,0,0
2374,2025-09-07 20:00:00,18.4,91.0,0,2.0,3.0,30.05,0.0,22.96,29.46,19.7,22.2,0,0,0
2375,2025-09-07 21:00:00,17.8,91.0,0,0.6,2.4,30.07,0.0,22.76,30.31,19.9,22.2,0,0,0
2376,2025-09-07 22:00:00,16.9,92.0,0,2.0,4.5,30.09,0.0,22.29,30.42,19.9,22.2,0,0,0
2377,2025-09-07 23:00:00,16.3,93.0,0,1.6,3.1,30.1,0.0,22.54,30.24,19.8,22.2,0,0,0
2378,2025-09-08 00:00:00,16.3,94.0,0,2.8,4.8,30.11,0.0,22.79,30.0,19.5,22.2,0,0,0
2379,2025-09-08 01:00:00,15.9,94.0,0,2.7,5.1,30.13,0.0,22.82,29.31,19.2,22.2,0,0,0
2380,2025-09-08 02:00:00,14.8,93.0,0,4.6,9.6,30.12,0.0,22.77,29.28,18.7,22.2,0,0,0
2381,2025-09-08 03:00:00,14.5,90.0,0,4.2,7.4,30.12,0.0,22.58,29.5,18.4,22.2,0,0,0
2382,2025-09-08 04:00:00,14.3,88.0,1,5.0,10.3,30.1,0.0,22.47,29.52,17.9,22.2,1,0,0
2383,2025-09-08 05:00:00,14.1,87.0,1,5.0,9.9,30.15,0.0,22.49,29.3,18.2,22.2,1,0,0
2384,2025-09-08 06:00:00,14.2,85.0,1,4.5,8.1,30.18,0.0,22.39,29.31,17.9,22.2,1,0,0
2385,2025-09-08 07:00:00,13.7,84.0,1,4.4,7.4,30.2,0.0,22.25,29.43,17.8,22.1,1,0,0
2386,2025-09-08 08:00:00,14.2,79.0,1,4.6,9.7,30.22,0.0,21.85,29.64,17.4,22.1,1,0,0
2387,2025-09-08 09:00:00,16.8,71.0,0,6.2,10.5,30.24,0.0,21.8,29.8,18.1,22.1,0,0,0
2388,2025-09-08 10:00:00,17.3,69.0,0,5.2,9.9,30.25,0.0,21.79,30.19,18.9,22.1,0,0,0
2389,2025-09-08 11:00:00,18.3,67.0,0,6.3,9.9,30.26,0.0,21.9,29.85,19.3,22.1,0,0,0
2390,2025-09-08 12:00:00,20.3,55.0,0,7.1,12.5,30.26,0.0,22.13,29.78,19.6,22.0,0,0,0
2391,2025-09-08 13:00:00,20.7,53.0,0,8.1,13.9,30.24,0.0,22.17,29.91,19.8,22.0,0,0,0
2392,2025-09-08 14:00:00,20.9,47.0,0,7.5,12.9,30.22,0.0,22.46,29.74,19.9,22.0,0,0,0
2393,2025-09-08 15:00:00,21.3,50.0,0,6.8,13.1,30.2,0.0,22.42,29.83,20.3,22.0,0,0,0
2394,2025-09-08 16:00:00,21.2,50.0,3,5.6,11.4,30.2,0.0,22.39,29.84,20.6,22.0,1,0,0
2395,2025-09-08 17:00:00,20.8,50.0,2,3.9,8.9,30.2,0.0,22.32,29.69,20.9,22.0,1,0,0
2396,2025-09-08 18:00:00,19.9,55.0,3,3.4,10.2,30.21,0.0,22.2,29.53,20.6,22.1,1,0,0
2397,2025-09-08 19:00:00,18.5,64.0,3,1.6,4.3,30.21,0.0,22.07,29.73,20.1,22.1,1,0,0
2398,2025-09-08 20:00:00,16.6,70.0,0,1.6,6.5,30.22,0.0,22.07,29.67,19.9,22.1,0,0,0
2399,2025-09-08 21:00:00,15.8,73.0,0,1.6,2.7,30.22,0.0,22.18,30.03,20.1,22.1,0,0,0
2400,2025-09-08 22:00:00,15.6,76.0,0,2.1,4.0,30.24,0.0,22.04,30.38,20.1,22.1,0,0,0
2401,2025-09-08 23:00:00,15.3,77.0,0,2.5,3.9,30.24,0.0,22.91,30.27,20.0,22.0,0,0,0
2402,2025-09-09 00:00:00,20.8,76.0,0,1.9,3.4,30.23,0.0,21.85,30.9,20.1,22.0,0,0,0
2403,2025-09-09 01:00:00,20.1,77.0,0,1.6,3.3,30.24,0.0,21.54,30.47,20.0,22.0,0,0,0
2404,2025-09-09 02:00:00,19.7,79.0,0,1.5,3.3,30.22,0.0,21.47,30.37,20.0,22.0,0,0,0
2405,2025-09-09 03:00:00,13.3,83.0,0,1.2,3.1,30.2,0.0,21.52,30.48,19.9,21.9,0,0,0
2406,2025-09-09 04:00:00,11.8,85.0,0,2.8,3.4,30.21,0.0,21.59,30.41,20.1,21.9,0,0,0
2407,2025-09-09 05:00:00,11.3,88.0,0,3.1,4.0,30.21,0.0,21.45,30.43,19.9,21.9,0,0,0
2408,2025-09-09 06:00:00,11.1,89.0,0,2.3,4.0,30.22,0.0,21.37,30.32,19.7,21.9,0,0,0
2409,2025-09-09 07:00:00,15.9,80.0,0,4.8,10.6,30.23,0.0,21.11,30.0,19.7,21.9,0,0,0
2410,2025-09-09 08:00:00,18.3,69.0,0,7.9,13.1,30.24,0.0,20.63,29.87,19.8,21.9,0,0,0
2411,2025-09-09 09:00:00,19.9,64.0,0,6.6,13.3,30.24,0.0,20.7,30.32,20.5,21.9,0,0,0
2412,2025-09-09 10:00:00,20.6,61.0,0,7.7,17.0,30.24,0.0,21.66,31.42,20.7,21.8,0,0,0
2413,2025-09-09 11:00:00,21.2,63.0,0,9.8,17.9,30.25,0.0,22.06,31.54,20.8,21.8,0,0,0
2414,2025-09-09 12:00:00,21.0,68.0,0,8.8,14.7,30.25,0.0,21.67,31.05,20.8,21.8,0,0,0
2415,2025-09-09 13:00:00,21.1,68.0,0,8.2,14.5,30.24,0.0,21.64,31.08,20.9,21.7,0,0,0
2416,2025-09-09 14:00:00,21.2,68.0,0,8.3,13.8,30.24,0.0,21.67,30.94,20.9,21.7,0,0,0
2417,2025-09-09 15:00:00,20.8,67.0,0,15.8,13.2,30.22,0.0,21.81,31.18,20.9,21.7,0,0,0
2418,2025-09-09 16:00:00,20.7,64.0,0,8.9,16.6,30.21,0.0,21.85,31.2,20.9,21.8,0,0,0
2419,2025-09-09 17:00:00,20.3,65.0,0,9.6,16.2,30.21,0.0,21.64,30.92,20.7,21.8,0,0,0
2420,2025-09-09 18:00:00,20.0,68.0,0,9.3,17.2,30.2,0.0,21.62,30.99,20.7,21.8,0,0,0
2421,2025-09-09 19:00:00,19.3,70.0,0,6.6,11.8,30.19,0.0,21.15,30.53,20.5,21.8,0,0,0
2422,2025-09-09 20:00:00,19.2,90.0,0,8.3,14.7,30.19,0.0,20.69,29.95,20.4,21.8,0,0,0
2423,2025-09-09 21:00:00,19.3,71.0,0,7.8,15.4,30.19,0.0,21.04,30.32,20.5,21.8,0,0,0
2424,2025-09-09 22:00:00,19.3,73.0,0,9.4,15.6,30.18,0.0,21.57,31.43,20.3,21.8,0,0,0
2425,2025-09-09 23:00:00,19.3,77.0,0,6.5,12.8,30.17,0.0,21.5,31.52,20.5,21.8,0,0,0
2426,2025-09-10 00:00:00,19.4,78.0,0,7.0,12.3,30.2,0.0,21.14,31.51,20.5,21.7,0,0,0
2427,2025-09-10 01:00:00,18.8,85.0,0,6.0,12.2,30.16,0.0,21.26,31.39,19.7,21.7,0,0,0
2428,2025-09-10 02:00:00,18.4,91.0,0,4.2,12.5,30.15,0.0,20.63,30.52,20.3,21.7,0,0,0
2429,2025-09-10 03:00:00,18.6,92.0,0,5.8,11.5,30.13,0.05,20.62,30.64,20.2,21.7,0,0,0
2430,2025-09-10 04:00:00,18.6,93.0,0,6.0,12.2,30.12,0.04,20.94,31.01,20.2,21.7,0,0,0
2431,2025-09-10 05:00:00,18.2,93.0,0,4.6,9.1,30.11,0.02,21.28,31.48,20.1,21.7,0,0,0
2432,2025-09-10 06:00:00,18.1,94.0,0,8.5,15.5,30.11,0.03,21.13,31.31,19.6,21.7,0,0,0
2433,2025-09-10 07:00:00,18.1,94.0,0,7.6,12.7,30.11,0.06,20.89,30.88,19.6,21.7,0,0,0
2434,2025-09-10 08:00:00,18.2,95.0,0,8.8,12.6,30.1,0.03,20.59,30.35,19.6,21.6,0,0,0
2435,2025-09-10 09:00:00,18.1,95.0,0,7.3,13.4,30.09,0.02,20.32,29.74,19.4,21.6,0,0,0
2436,2025-09-10 10:00:00,18.1,95.0,0,10.2,19.6,30.1,0.01,20.48,30.31,19.4,21.6,0,0,0
2437,2025-09-10 11:00:00,18.2,95.0,0,7.1,12.5,30.09,0.01,21.16,31.4,19.3,21.6,0,0,0
2438,2025-09-10 12:00:00,18.2,95.0,0,7.2,12.8,30.09,0.01,21.17,31.4,19.3,21.6,0,0,0
2439,2025-09-10 13:00:00,18.0,95.0,0,7.3,12.2,30.08,0.01,20.94,31.07,19.2,21.6,0,0,0
2440,2025-09-10 14:00:00,17.9,95.0,0,7.8,12.5,30.07,0.0,20.73,30.81,19.6,21.5,0,0,0
2441,2025-09-10 15:00:00,17.8,95.0,0,7.2,12.3,30.06,0.0,20.9,31.06,19.8,21.6,0,0,0
2442,2025-09-10 16:00:00,17.9,95.0,0,4.8,9.5,30.06,0.0,20.88,31.08,19.3,21.6,0,0,0
2443,2025-09-10 17:00:00,18.1,95.0,0,3.8,8.0,30.06,0.0,20.78,30.95,19.4,21.5,0,0,0
2444,2025-09-10 18:00:00,18.3,95.0,0,4.9,8.0,30.05,0.0,20.78,30.96,20.1,21.5,0,0,0
2445,2025-09-10 19:00:00,18.2,94.0,0,2.6,4.3,30.04,0.0,20.65,30.54,20.7,21.5,0,0,0
2446,2025-09-10 20:00:00,17.8,93.0,0,2.6,4.4,30.04,0.0,20.55,30.47,19.8,21.5,0,0,0
2447,2025-09-10 21:00:00,17.4,92.0,0,2.5,4.0,30.05,0.0,20.45,29.9,19.3,21.5,0,0,0
2448,2025-09-10 22:00:00,17.4,92.0,0,1.9,3.3,30.04,0.0,20.38,29.78,19.6,21.5,0,0,0
2449,2025-09-10 23:00:00,17.6,92.0,0,1.6,3.0,30.05,0.0,20.41,29.92,19.7,21.5,0,0,0
2450,2025-09-11 00:00:00,17.7,93.0,0,2.6,4.4,30.04,0.0,23.13,30.34,19.8,21.5,0,0,0
2451,2025-09-11 01:00:00,17.6,92.0,0,1.1,2.4,30.04,0.0,24.54,30.46,20.1,21.4,0,0,0
2452,2025-09-11 02:00:00,17.4,91.0,0,1.5,3.2,30.03,0.0,25.37,30.35,19.7,21.4,0,0,0
2453,2025-09-11 03:00:00,16.9,90.0,0,2.2,3.8,30.03,0.0,25.78,30.01,19.7,21.4,0,0,0
2454,2025-09-11 04:00:00,16.1,90.0,0,2.2,3.4,30.03,0.0,25.43,30.04,18.7,21.4,0,0,0
2455,2025-09-11 05:00:00,15.6,91.0,0,1.9,3.3,30.03,0.0,25.26,29.71,18.6,21.4,0,0,0
2456,2025-09-11 06:00:00,14.8,91.0,0,2.6,4.5,30.04,0.0,25.55,29.99,18.0,21.4,0,0,0
2457,2025-09-11 07:00:00,14.7,92.0,0,2.4,4.1,30.05,0.0,25.27,29.6,17.4,21.4,0,0,0
2458,2025-09-11 08:00:00,15.9,92.0,0,2.2,3.2,30.07,0.0,24.31,29.22,18.1,21.4,0,0,0
2459,2025-09-11 09:00:00,18.9,87.0,0,1.8,4.7,30.08,0.0,24.1,29.8,18.2,21.4,0,0,0
2460,2025-09-11 10:00:00,21.6,78.0,0,1.6,3.5,30.09,0.0,24.62,30.06,20.5,21.4,0,0,0
2461,2025-09-11 11:00:00,22.6,68.0,0,2.1,3.8,30.09,0.0,24.98,29.89,20.7,21.4,0,0,0
2462,2025-09-11 12:00:00,23.8,62.0,13,2.7,3.9,30.08,0.0,25.48,30.25,21.3,21.4,0,0,0
2463,2025-09-11 13:00:00,24.4,52.0,4,4.9,10.2,30.08,0.0,25.46,30.15,22.7,21.4,1,0,0
2464,2025-09-11 14:00:00,24.3,49.0,3,5.2,10.1,30.06,0.0,26.2,30.42,23.3,21.3,1,0,0
2465,2025-09-11 15:00:00,24.7,50.0,3,5.4,9.2,30.06,0.0,26.61,30.42,23.3,21.4,1,0,0
2466,2025-09-11 16:00:00,25.6,51.0,6,3.1,6.3,30.06,0.0,26.64,30.33,23.6,21.6,1,0,0
2467,2025-09-11 17:00:00,25.1,48.0,6,2.7,5.5,30.06,0.0,26.78,30.33,23.3,21.9,1,0,0
2468,2025-09-11 18:00:00,23.2,59.0,7,1.6,3.2,30.06,0.0,26.74,30.05,22.9,22.1,1,0,0
2469,2025-09-11 19:00:00,21.7,67.0,0,1.5,2.4,30.06,0.0,26.06,29.8,22.3,22.4,0,0,0
2470,2025-09-11 20:00:00,19.2,77.0,0,1.0,1.9,30.08,0.0,25.61,29.51,21.9,22.4,0,0,0
2471,2025-09-11 21:00:00,18.2,79.0,0,0.9,2.0,30.08,0.0,26.11,29.27,21.6,22.1,0,0,0
2472,2025-09-11 22:00:00,17.3,82.0,0,2.6,4.1,30.08,0.0,25.42,29.45,20.9,22.0,0,0,0
2473,2025-09-11 23:00:00,16.7,82.0,0,0.3,0.7,30.09,0.0,25.19,29.99,18.2,21.8,0,0,0
2474,2025-09-12 00:00:00,16.3,82.0,0,1.9,3.0,30.09,0.0,21.16,30.09,19.6,21.6,0,0,0
2475,2025-09-12 01:00:00,15.9,83.0,0,1.1,2.0,30.08,0.0,21.0,29.7,19.6,21.6,0,0,0
2476,2025-09-12 02:00:00,15.4,86.0,0,1.8,3.0,30.09,0.0,20.86,29.85,19.3,21.7,0,0,0
2477,2025-09-12 03:00:00,14.9,86.0,0,0.8,1.5,30.09,0.0,20.88,29.89,19.3,21.6,0,0,0
2478,2025-09-12 04:00:00,13.9,87.0,0,0.0,0.5,30.09,0.0,21.09,29.64,18.1,21.5,0,0,0
2479,2025-09-12 05:00:00,13.1,88.0,0,1.1,1.9,30.1,0.0,21.12,29.34,18.3,21.5,0,0,0
2480,2025-09-12 06:00:00,12.8,90.0,0,0.7,2.4,30.11,0.0,20.92,29.36,18.7,21.5,0,0,0
2481,2025-09-12 07:00:00,12.9,91.0,0,1.7,3.0,30.13,0.0,20.73,28.88,17.6,21.5,0,0,0
2482,2025-09-12 08:00:00,14.8,93.0,0,2.4,4.6,30.14,0.0,20.76,28.79,17.6,21.5,0,0,0
2483,2025-09-12 09:00:00,19.2,82.0,0,3.4,7.9,30.46,0.0,20.66,28.41,18.9,21.5,0,0,0
2484,2025-09-12 10:00:00,22.3,76.0,0,4.2,8.6,30.16,0.0,20.91,29.15,20.7,21.5,0,0,0
2485,2025-09-12 11:00:00,23.4,71.0,3,5.4,12.0,30.17,0.0,21.02,29.47,21.5,21.5,1,0,0
2486,2025-09-12 12:00:00,23.3,70.0,2,6.5,11.9,30.16,0.0,21.22,29.96,21.6,21.5,1,0,0
2487,2025-09-12 13:00:00,23.5,71.0,3,6.6,10.4,30.16,0.0,21.64,30.11,21.5,21.5,1,0,0
2488,2025-09-12 14:00:00,23.1,69.0,2,5.6,11.5,30.15,0.0,21.68,30.06,21.4,21.6,1,0,0
2489,2025-09-12 15:00:00,22.9,68.0,1,6.8,12.8,30.14,0.0,22.23,30.41,21.3,21.7,1,0,0
2490,2025-09-12 16:00:00,22.6,67.0,3,6.1,13.5,30.12,0.0,22.36,30.19,21.4,21.7,1,0,0
2491,2025-09-12 17:00:00,22.2,71.0,3,3.5,6.0,30.13,0.0,21.97,30.14,21.7,21.7,1,0,0
2492,2025-09-12 18:00:00,21.7,70.0,3,2.3,5.8,30.12,0.0,22.09,30.05,21.8,21.7,1,0,0
2493,2025-09-12 19:00:00,20.6,74.0,1,0.5,1.5,30.12,0.0,21.79,29.73,21.4,21.7,1,0,0
2494,2025-09-12 20:00:00,18.6,81.0,0,0.9,2.4,30.14,0.0,21.74,29.33,20.8,21.7,0,0,0
2495,2025-09-12 21:00:00,17.3,85.0,0,0.3,1.0,30.14,0.0,21.69,29.03,20.6,21.7,0,0,0
2496,2025-09-12 22:00:00,16.7,89.0,0,0.4,1.2,30.14,0.0,21.65,29.15,20.6,21.7,0,0,0
2497,2025-09-12 23:00:00,15.9,91.0,0,0.3,1.3,30.14,0.0,21.71,29.66,20.5,21.7,0,0,0
2498,2025-09-13 00:00:00,16.2,92.0,0,0.5,1.9,30.13,0.0,21.7,29.83,20.5,21.7,0,0,0
2499,2025-09-13 01:00:00,16.1,92.0,0,1.5,2.9,30.11,0.0,21.79,29.9,20.5,21.6,0,0,0
2500,2025-09-13 02:00:00,15.2,92.0,0,0.7,1.1,30.12,0.0,21.88,30.04,20.3,21.6,0,0,0
2501,2025-09-13 03:00:00,14.8,93.0,0,1.0,1.7,30.11,0.0,21.65,30.01,20.6,21.6,0,0,0
2502,2025-09-13 04:00:00,14.7,93.0,0,1.9,2.4,30.11,0.0,21.5,29.78,19.7,21.6,0,0,0
2503,2025-09-13 05:00:00,14.5,93.0,0,1.6,2.7,30.11,0.0,21.36,29.31,18.8,21.5,0,0,0
2504,2025-09-13 06:00:00,14.4,94.0,0,1.0,2.4,30.11,0.0,21.42,29.19,19.6,21.5,0,0,0
2505,2025-09-13 07:00:00,14.2,94.0,0,0.6,1.3,30.12,0.0,21.4,28.81,18.7,21.5,0,0,0
2506,2025-09-13 08:00:00,15.3,95.0,0,1.9,3.1,30.14,0.0,21.21,28.81,18.2,21.6,0,0,0
2507,2025-09-13 09:00:00,18.7,95.0,4,2.1,4.0,30.11,0.0,21.27,28.78,19.2,21.6,1,0,0
2508,2025-09-13 10:00:00,22.4,91.0,4,1.6,3.6,30.11,0.0,21.44,28.92,20.7,21.5,1,0,0
2509,2025-09-13 11:00:00,24.6,62.0,7,3.7,6.7,30.1,0.0,21.65,28.18,21.3,21.4,1,0,0
2510,2025-09-13 12:00:00,26.2,56.0,7,4.7,7.5,30.09,0.0,21.72,28.51,22.1,21.4,1,0,0
2511,2025-09-13 13:00:00,25.6,53.0,9,5.4,9.7,30.08,0.0,21.89,28.95,22.4,21.5,0,0,0
2512,2025-09-13 14:00:00,26.1,51.0,9,7.8,11.1,30.06,0.0,22.15,30.01,22.9,21.7,0,0,0
2513,2025-09-13 15:00:00,25.7,54.0,9,5.2,8.8,30.04,0.0,22.45,30.64,22.6,22.0,0,0,0
2514,2025-09-13 16:00:00,24.9,57.0,8,6.1,11.1,30.03,0.0,22.98,30.28,22.7,22.0,1,0,0
2515,2025-09-13 17:00:00,23.4,64.0,8,10.4,16.7,30.03,0.0,22.49,30.2,22.5,22.0,1,0,0
2516,2025-09-13 18:00:00,22.3,66.0,9,8.3,14.5,30.03,0.0,22.27,30.01,22.2,22.1,0,0,0
2517,2025-09-13 19:00:00,21.0,73.0,0,6.5,11.1,30.02,0.0,22.28,29.91,21.7,22.1,0,0,0
2518,2025-09-13 20:00:00,19.3,79.0,0,5.3,9.7,30.01,0.0,22.22,29.92,21.5,22.1,0,0,0
2519,2025-09-13 21:00:00,19.4,80.0,0,6.6,10.0,30.02,0.0,22.1,29.74,21.4,22.0,0,0,0
2520,2025-09-13 22:00:00,19.1,84.0,0,4.8,7.7,30.02,0.0,22.19,30.05,21.3,21.9,0,0,0
2521,2025-09-13 23:00:00,18.9,95.0,0,4.4,7.4,30.02,0.0,22.26,30.22,21.3,21.8,0,0,0
2522,2025-09-14 00:00:00,19.1,84.0,0,2.8,5.3,30.01,0.0,21.98,30.01,21.3,21.8,0,0,0
2523,2025-09-14 01:00:00,18.9,85.0,0,1.9,3.0,30.01,0.0,21.92,30.13,21.4,21.7,0,0,0
2524,2025-09-14 02:00:00,18.8,86.0,0,0.2,1.1,30.01,0.0,21.9,30.37,21.3,21.7,0,0,0
2525,2025-09-14 03:00:00,17.8,85.0,0,0.0,0.1,29.99,0.0,21.81,30.01,21.0,21.6,0,0,0
2526,2025-09-14 04:00:00,17.6,89.0,0,1.7,3.5,29.98,0.0,21.87,29.82,21.0,21.6,0,0,0
2527,2025-09-14 05:00:00,17.4,90.0,0,2.6,4.0,29.97,0.0,21.82,29.85,20.1,21.6,0,0,0
2528,2025-09-14 06:00:00,17.3,91.0,0,2.7,6.0,29.97,0.0,21.89,29.52,20.1,21.6,0,0,0
2529,2025-09-14 07:00:00,17.3,91.0,0,3.1,5.3,29.98,0.0,21.89,29.36,20.1,21.6,0,0,0
2530,2025-09-14 08:00:00,17.8,91.0,0,1.8,3.0,29.98,0.0,21.79,28.65,19.7,21.6,0,0,0
2531,2025-09-14 09:00:00,20.1,86.0,14,2.7,5.4,29.98,0.0,21.84,28.62,20.2,21.5,0,0,0
2532,2025-09-14 10:00:00,23.7,72.0,1,1.9,4.5,30.0,0.0,21.99,28.46,21.3,21.5,1,0,0
2533,2025-09-14 11:00:00,26.1,66.0,5,2.9,6.9,30.0,0.0,22.18,28.85,23.2,21.6,0,0,0
2534,2025-09-14 12:00:00,25.2,67.0,2,2.0,4.5,30.0,0.0,22.39,29.27,23.1,21.6,1,0,0
2535,2025-09-14 13:00:00,25.1,67.0,3,3.6,6.5,29.99,0.0,22.33,29.65,22.7,21.6,1,0,0
2536,2025-09-14 14:00:00,25.3,65.0,3,3.7,7.5,29.98,0.0,22.36,30.08,22.9,21.7,1,0,0
2537,2025-09-14 15:00:00,25.1,67.0,6,3.5,7.0,29.98,0.0,22.64,29.85,23.1,21.9,1,0,0
2538,2025-09-14 16:00:00,24.1,71.0,3,3.2,6.6,29.98,0.0,22.61,30.64,23.1,22.1,1,0,0
2539,2025-09-14 17:00:00,23.7,74.0,6,2.6,5.5,29.99,0.0,23.53,30.12,22.7,22.9,1,0,0
2540,2025-09-14 18:00:00,22.9,76.0,7,2.2,3.9,30.01,0.0,22.86,30.02,22.4,23.3,1,0,0
2541,2025-09-14 19:00:00,21.6,78.0,0,1.6,3.8,30.01,0.0,22.72,29.85,21.8,23.2,0,0,0
2542,2025-09-14 20:00:00,20.1,81.0,0,1.6,3.3,30.02,0.0,22.81,29.75,21.5,23.2,0,0,0
2543,2025-09-14 21:00:00,18.3,85.0,0,0.9,2.4,30.03,0.0,22.75,29.78,21.6,22.7,0,0,0
2544,2025-09-14 22:00:00,17.8,86.0,0,0.2,1.1,30.04,0.0,22.43,29.43,21.3,22.3,0,0,0
2545,2025-09-14 23:00:00,17.1,87.0,0,0.3,1.0,30.04,0.0,22.23,29.35,21.0,22.1,0,0,0
2546,2025-09-15 00:00:00,16.8,89.0,0,0.0,0.0,30.06,0.0,22.19,29.24,21.1,21.9,0,0,0
2547,2025-09-15 01:00:00,16.4,90.0,0,0.5,1.4,30.07,0.0,22.1,28.82,20.9,21.8,0,0,0
2548,2025-09-15 02:00:00,16.2,91.0,0,1.9,3.4,30.07,0.0,22.25,29.45,21.2,21.9,0,0,0
2549,2025-09-15 03:00:00,15.9,92.0,0,2.1,3.5,30.08,0.0,22.14,29.2,19.4,21.9,0,0,0
2550,2025-09-15 04:00:00,15.9,93.0,0,2.4,4.4,30.08,0.0,22.07,28.97,19.4,21.9,0,0,0
2551,2025-09-15 05:00:00,16.1,93.0,0,2.4,4.2,30.08,0.0,22.05,28.85,20.8,21.9,0,0,0
2552,2025-09-15 06:00:00,16.7,94.0,0,1.8,3.0,30.09,0.0,22.15,29.13,20.9,21.8,0,0,0
2553,2025-09-15 07:00:00,16.9,94.0,0,1.6,3.2,30.11,0.0,22.16,29.0,21.2,21.8,0,0,0
2554,2025-09-15 08:00:00,18.2,95.0,0,3.0,4.6,30.16,0.0,22.07,28.91,21.7,21.7,0,0,0
2555,2025-09-15 09:00:00,21.3,98.0,3,5.8,11.7,30.15,0.0,22.22,29.17,22.0,21.6,1,0,0
2556,2025-09-15 10:00:00,22.4,80.0,2,8.8,14.1,30.16,0.0,22.35,29.92,21.9,21.6,1,0,0
2557,2025-09-15 11:00:00,23.4,76.0,2,7.1,13.0,30.17,0.0,22.48,29.33,22.1,21.7,1,0,0
2558,2025-09-15 12:00:00,22.3,79.0,0,6.4,10.7,30.18,0.0,22.54,29.4,22.3,21.7,0,0,0
2559,2025-09-15 13:00:00,23.7,75.0,2,7.6,15.0,30.19,0.0,22.76,29.39,22.2,21.7,1,0,0
2560,2025-09-15 14:00:00,23.2,75.0,2,7.0,13.6,30.18,0.0,22.77,29.5,22.2,21.7,1,0,0
2561,2025-09-15 15:00:00,22.6,79.0,3,7.7,15.8,30.18,0.0,22.64,29.94,22.0,21.7,1,0,0
2562,2025-09-15 16:00:00,22.3,74.0,2,7.4,14.8,30.16,0.0,22.76,30.03,22.1,21.7,1,0,0
2563,2025-09-15 17:00:00,21.7,77.0,3,7.5,13.5,30.17,0.0,22.73,30.13,21.9,21.8,1,0,0
2564,2025-09-15 18:00:00,21.0,81.0,0,5.9,10.8,30.16,0.0,22.29,31.02,21.8,21.8,0,0,0
2565,2025-09-15 19:00:00,20.0,83.0,0,6.4,11.8,30.15,0.0,23.1,30.18,21.1,21.8,0,0,0
2566,2025-09-15 20:00:00,19.4,86.0,0,3.3,7.9,30.17,0.0,23.12,30.14,21.0,21.8,0,0,0
2567,2025-09-15 21:00:00,19.4,86.0,0,3.2,6.8,30.16,0.0,23.05,30.05,21.2,21.8,0,0,0
2568,2025-09-15 22:00:00,19.3,86.0,0,4.0,7.0,30.16,0.0,22.6,30.43,21.2,21.8,0,0,0
2569,2025-09-15 23:00:00,19.3,84.0,0,4.4,10.3,30.16,0.0,22.28,30.62,21.4,21.7,0,0,0
2570,2025-09-16 00:00:00,19.5,82.0,0,4.5,8.9,30.15,0.0,22.13,30.59,21.4,21.7,0,0,0
2571,2025-09-16 01:00:00,19.7,82.0,0,3.5,10.0,30.15,0.0,22.16,30.37,22.7,21.7,0,0,0
2572,2025-09-16 02:00:00,19.8,82.0,0,3.8,7.3,30.14,0.0,22.11,30.29,21.9,21.7,0,0,0
2573,2025-09-16 03:00:00,19.8,79.0,0,5.2,11.1,30.11,0.0,22.12,30.07,21.1,21.6,0,0,0
2574,2025-09-16 04:00:00,19.8,79.0,0,3.9,7.7,30.12,0.0,22.1,30.11,20.6,21.6,0,0,0
2575,2025-09-16 05:00:00,20.0,76.0,0,6.8,13.0,30.12,0.0,22.03,30.34,20.6,21.6,0,0,0
2576,2025-09-16 06:00:00,19.9,71.0,0,8.3,15.6,30.13,0.0,21.82,30.64,19.7,21.6,0,0,0
2577,2025-09-16 07:00:00,19.6,81.0,0,6.7,13.7,30.14,0.0,21.76,30.52,19.3,21.6,0,0,0
2578,2025-09-16 08:00:00,18.7,87.0,0,8.0,13.1,30.14,0.01,21.73,30.37,18.7,21.5,0,0,0
2579,2025-09-16 09:00:00,18.4,88.0,0,7.7,15.8,30.14,0.05,21.67,30.54,19.0,21.5,0,0,0
2580,2025-09-16 10:00:00,19.3,85.0,0,9.4,14.4,30.16,0.0,21.7,30.47,18.7,21.5,0,0,0
2581,2025-09-16 11:00:00,20.7,77.0,0,10.8,19.1,30.14,0.0,21.77,30.44,18.4,21.5,0,0,0
2582,2025-09-16 12:00:00,20.7,75.0,0,10.7,17.6,30.14,0.0,21.88,30.35,18.2,21.5,0,0,0
2583,2025-09-16 13:00:00,20.9,74.0,0,9.9,18.6,30.13,0.0,22.0,30.02,18.1,21.5,0,0,0
2584,2025-09-16 14:00:00,20.2,70.0,0,9.5,18.9,30.11,0.0,22.1,29.19,18.2,21.5,0,0,0
2585,2025-09-16 15:00:00,20.3,71.0,0,10.4,18.6,30.11,0.0,21.62,29.39,18.7,21.5,0,0,0
2586,2025-09-16 16:00:00,20.1,73.0,0,9.1,16.1,30.09,0.0,21.31,30.51,18.9,21.5,0,0,0
2587,2025-09-16 17:00:00,19.6,75.0,0,11.0,16.6,30.08,0.0,21.51,31.05,19.2,21.5,0,0,0
2588,2025-09-16 18:00:00,19.4,78.0,0,7.2,13.6,30.08,0.0,21.43,31.06,19.6,21.4,0,0,0
2589,2025-09-16 19:00:00,18.8,82.0,0,9.8,18.0,30.08,0.0,21.36,31.05,19.7,21.4,0,0,0
2590,2025-09-16 20:00:00,19.2,82.0,0,11.9,19.2,30.08,0.0,21.33,31.03,19.9,21.4,0,0,0
2591,2025-09-16 21:00:00,19.3,83.0,0,12.4,21.7,30.09,0.0,21.27,31.01,19.9,21.4,0,0,0
2592,2025-09-16 22:00:00,18.4,90.0,0,9.5,16.7,30.08,0.03,21.21,30.57,19.8,21.4,0,0,0
2593,2025-09-16 23:00:00,18.7,91.0,0,8.2,13.7,30.06,0.01,21.12,30.82,19.5,21.4,0,0,0
2594,2025-09-17 00:00:00,19.2,89.0,0,8.4,16.7,30.05,0.0,20.97,31.02,19.2,21.4,0,0,0
2595,2025-09-17 01:00:00,19.3,88.0,0,8.6,15.4,30.05,0.0,20.92,30.91,18.7,21.4,0,0,0
2596,2025-09-17 02:00:00,19.2,88.0,0,9.4,17.4,30.03,0.0,20.91,30.81,18.4,21.4,0,0,0
2597,2025-09-17 03:00:00,19.4,86.0,0,9.7,16.4,30.01,0.0,20.79,30.32,17.9,21.4,0,0,0
2598,2025-09-17 04:00:00,19.3,88.0,0,8.8,15.9,30.0,0.0,20.75,29.01,18.2,21.4,0,0,0
2599,2025-09-17 05:00:00,19.4,87.0,0,11.3,17.1,30.0,0.0,20.67,29.29,17.9,21.3,0,0,0
2600,2025-09-17 06:00:00,19.7,87.0,0,8.9,16.3,30.0,0.0,20.62,30.32,17.8,21.4,0,0,0
2601,2025-09-17 07:00:00,19.7,88.0,0,5.6,9.4,29.99,0.0,20.71,30.44,17.4,21.3,0,0,0
2602,2025-09-17 08:00:00,19.7,89.0,0,7.0,12.4,30.0,0.0,20.61,29.71,17.8,21.3,0,0,0
2603,2025-09-17 09:00:00,19.4,91.0,0,9.8,18.4,30.0,0.0,20.62,30.18,17.9,21.3,0,0,0
2604,2025-09-17 10:00:00,19.1,93.0,0,6.6,12.5,30.0,0.0,20.7,30.34,18.9,21.3,0,0,0
2605,2025-09-17 11:00:00,18.7,94.0,0,7.6,14.0,30.0,0.01,20.65,30.08,19.3,21.3,0,0,0
2606,2025-09-17 12:00:00,18.9,94.0,0,8.2,14.1,29.99,0.08,20.67,30.11,19.6,21.3,0,0,0
2607,2025-09-17 13:00:00,19.2,95.0,0,8.5,15.6,29.96,0.02,20.72,30.19,19.8,21.3,0,0,0
2608,2025-09-17 14:00:00,19.1,95.0,0,9.3,20.1,29.98,0.12,20.63,30.02,19.9,21.3,0,0,0
2609,2025-09-17 15:00:00,19.2,95.0,0,6.2,15.1,29.96,0.11,20.69,29.08,20.3,21.3,0,0,0
2610,2025-09-17 16:00:00,19.1,95.0,0,7.1,12.4,29.95,0.11,20.65,28.6,20.6,21.3,0,0,0
2611,2025-09-17 17:00:00,18.9,95.0,0,8.6,17.9,29.94,0.1,20.65,29.79,20.9,21.3,0,0,0
2612,2025-09-17 18:00:00,19.1,95.0,0,7.1,11.1,29.96,0.11,21.0,30.63,20.6,21.4,0,0,0
2613,2025-09-17 19:00:00,18.8,95.0,0,7.4,13.6,29.95,0.09,20.76,29.78,20.1,21.4,0,0,0
2614,2025-09-17 20:00:00,18.8,95.0,0,6.9,13.0,29.95,0.06,21.27,31.04,19.9,21.3,0,0,0
2615,2025-09-17 21:00:00,19.1,96.0,0,4.9,9.9,29.95,0.1,20.69,29.55,20.1,21.3,0,0,0
2616,2025-09-17 22:00:00,19.5,96.0,0,5.9,10.9,29.94,0.04,20.66,29.64,20.1,21.3,0,0,0
2617,2025-09-17 23:00:00,19.4,96.0,0,7.4,8.3,29.94,0.0,20.65,29.92,20.0,21.4,0,0,0
2618,2025-09-18 00:00:00,19.4,96.0,0,1.4,2.8,29.93,0.0,20.66,29.63,20.1,21.3,0,0,0
2619,2025-09-18 01:00:00,19.5,96.0,0,2.4,4.0,29.93,0.0,20.66,29.52,20.9,21.3,0,0,0
2620,2025-09-18 02:00:00,19.2,96.0,0,2.1,4.3,29.93,0.0,20.61,29.24,20.8,21.4,0,0,0
2621,2025-09-18 03:00:00,18.6,96.0,0,0.8,1.7,29.92,0.0,20.59,28.94,20.0,21.3,0,0,0
2622,2025-09-18 04:00:00,18.3,96.0,0,1.0,3.6,29.92,0.0,20.58,28.91,19.6,21.3,0,0,0
2623,2025-09-18 05:00:00,18.3,96.0,0,0.5,1.4,29.92,0.01,20.65,29.5,19.4,21.3,0,0,0
2624,2025-09-18 06:00:00,18.7,96.0,0,1.1,2.5,29.93,0.01,20.67,29.89,20.1,21.3,0,0,0
2625,2025-09-18 07:00:00,18.6,96.0,0,2.5,4.5,29.95,0.0,20.65,29.75,20.1,21.3,0,0,0
2626,2025-09-18 08:00:00,18.6,96.0,0,2.9,5.0,29.96,0.0,20.59,29.12,19.6,21.3,0,0,0
2627,2025-09-18 09:00:00,19.3,97.0,0,2.8,5.3,29.93,0.01,20.64,29.29,19.6,21.2,0,0,0
2628,2025-09-18 10:00:00,19.7,97.0,0,1.5,3.3,29.96,0.0,20.69,29.52,20.0,21.3,0,0,0
2629,2025-09-18 11:00:00,20.3,96.0,0,1.8,4.0,29.96,0.0,20.81,29.06,20.4,21.3,0,0,0
2630,2025-09-18 12:00:00,21.2,94.0,0,1.8,4.0,29.95,0.0,20.97,28.72,20.7,21.3,0,0,0
2631,2025-09-18 13:00:00,23.3,80.0,15,1.8,3.8,29.93,0.0,20.97,28.99,21.4,21.3,0,0,0
2632,2025-09-18 14:00:00,25.9,71.0,10,3.3,5.8,29.92,0.0,21.33,28.78,23.9,21.3,0,0,0
2633,2025-09-18 15:00:00,27.3,64.0,10,4.2,7.7,29.9,0.0,21.57,28.88,22.8,21.4,0,0,0
2634,2025-09-18 16:00:00,26.2,71.0,8,5.8,10.3,29.89,0.0,21.6,29.11,23.1,21.6,1,0,0
2635,2025-09-18 17:00:00,24.4,77.0,8,7.0,10.6,29.89,0.0,21.75,29.17,23.1,21.7,1,0,0
2636,2025-09-18 18:00:00,23.0,83.0,9,8.4,11.6,29.89,0.0,21.84,29.15,22.4,22.3,0,0,0
2637,2025-09-18 19:00:00,21.3,89.0,0,5.6,10.4,29.89,0.0,21.57,29.57,21.9,22.9,0,0,0
2638,2025-09-18 20:00:00,20.4,92.0,0,6.8,10.0,29.91,0.0,21.84,29.77,21.9,22.5,0,0,0
2639,2025-09-18 21:00:00,20.0,93.0,0,2.8,4.7,29.91,0.0,22.52,29.9,22.6,22.3,0,0,0
2640,2025-09-18 22:00:00,19.8,93.0,0,4.2,8.9,29.91,0.0,21.79,29.77,22.2,22.0,0,0,0
2641,2025-09-18 23:00:00,19.2,92.0,0,2.8,5.1,29.92,0.0,21.62,29.77,21.8,21.8,0,0,0
2642,2025-09-19 00:00:00,18.7,93.0,0,3.3,6.0,29.92,0.0,21.51,28.77,21.2,21.7,0,0,0
2643,2025-09-19 01:00:00,17.8,94.0,0,2.9,5.0,29.92,0.0,21.48,28.61,20.8,21.6,0,0,0
2644,2025-09-19 02:00:00,17.7,95.0,0,2.5,5.3,29.93,0.0,21.47,28.47,20.6,21.5,0,0,0
2645,2025-09-19 03:00:00,17.2,95.0,0,2.6,4.7,29.91,0.0,21.35,28.97,20.6,21.5,0,0,0
2646,2025-09-19 04:00:00,16.9,96.0,0,3.4,4.9,29.91,0.0,21.24,28.79,20.3,21.4,0,0,0
2647,2025-09-19 05:00:00,17.0,96.0,0,3.0,6.2,29.91,0.0,21.19,28.87,20.0,21.4,0,0,0
2648,2025-09-19 06:00:00,16.7,96.0,0,2.8,4.2,29.93,0.0,21.16,29.07,19.7,21.4,0,0,0
2649,2025-09-19 07:00:00,16.7,96.0,0,2.4,4.4,29.94,0.0,21.13,29.05,19.4,21.4,0,0,0
2650,2025-09-19 08:00:00,18.1,97.0,14,2.7,4.5,29.95,0.0,21.19,28.97,19.7,21.4,0,0,0
2651,2025-09-19 09:00:00,21.3,93.0,13,1.1,2.0,29.96,0.0,21.3,29.05,20.6,21.4,0,0,0
2652,2025-09-19 10:00:00,25.4,66.0,15,1.0,2.4,29.96,0.0,21.39,29.1,23.2,21.3,0,0,0
2653,2025-09-19 11:00:00,28.3,56.0,10,2.6,4.4,29.96,0.0,21.67,28.9,25.5,21.3,0,0,0
2654,2025-09-19 12:00:00,29.4,52.0,12,1.0,3.9,29.95,0.0,21.86,28.54,27.5,21.3,0,0,0
2655,2025-09-19 13:00:00,30.2,51.0,7,2.7,6.7,29.95,0.0,22.24,28.44,26.8,21.4,1,0,0
2656,2025-09-19 14:00:00,30.3,50.0,7,4.7,10.4,29.92,0.0,22.24,28.58,26.6,21.5,1,0,0
2657,2025-09-19 15:00:00,29.6,51.0,8,8.0,13.8,29.92,0.0,22.23,28.61,25.5,21.7,1,0,0
2658,2025-09-19 16:00:00,29.3,52.0,9,6.9,10.3,29.91,0.0,20.07,28.79,26.0,22.0,0,0,0
2659,2025-09-19 17:00:00,27.7,57.0,9,5.3,9.9,29.92,0.0,22.33,29.07,24.9,22.6,0,0,0
2660,2025-09-19 18:00:00,25.8,64.0,8,4.1,8.4,29.93,0.0,22.66,29.06,25.1,23.4,1,0,0
2661,2025-09-19 19:00:00,23.3,93.0,15,0.6,1.1,29.94,0.0,22.79,29.35,24.4,23.6,0,0,0
2662,2025-09-19 20:00:00,20.9,85.0,9,0.0,0.8,29.96,0.0,22.64,29.42,23.7,23.4,0,0,0
2663,2025-09-19 21:00:00,19.9,90.0,14,0.3,2.3,29.98,0.0,22.75,29.79,23.7,22.9,0,0,0
2664,2025-09-19 22:00:00,19.9,92.0,0,2.3,3.5,30.0,0.0,23.04,29.41,23.2,22.6,0,0,0
2665,2025-09-19 23:00:00,20.3,93.0,0,0.8,2.5,30.02,0.0,22.68,29.17,22.7,22.1,0,0,0
2666,2025-09-20 00:00:00,19.3,94.0,0,0.9,2.0,30.03,0.0,22.42,29.04,22.4,22.1,0,0,0
2667,2025-09-20 01:00:00,18.3,95.0,0,2.1,3.8,30.03,0.0,22.08,28.91,21.7,22.2,0,0,0
2668,2025-09-20 02:00:00,18.5,84.0,0,4.8,8.9,30.04,0.0,22.15,28.39,21.5,22.4,0,0,0
2669,2025-09-20 03:00:00,19.1,74.0,0,5.9,10.5,30.05,0.0,22.13,29.49,22.6,22.1,0,0,0
2670,2025-09-20 04:00:00,19.4,74.0,0,6.3,11.4,30.06,0.0,21.99,29.33,22.1,21.9,0,0,0
2671,2025-09-20 05:00:00,19.8,79.0,0,8.4,14.8,30.07,0.0,21.86,29.27,21.7,21.8,0,0,0
2672,2025-09-20 06:00:00,19.3,74.0,0,8.2,13.5,30.09,0.0,21.73,29.41,21.3,21.8,0,0,0
2673,2025-09-20 07:00:00,18.9,74.0,0,8.9,14.2,30.1,0.0,21.43,29.35,20.6,21.7,0,0,0
2674,2025-09-20 08:00:00,18.9,73.0,0,8.0,14.5,30.12,0.0,21.69,29.5,20.6,21.5,0,0,0
2675,2025-09-20 09:00:00,19.7,73.0,3,9.7,15.7,30.15,0.0,21.62,30.28,20.3,21.5,1,0,0
2676,2025-09-20 10:00:00,20.5,75.0,0,8.3,17.6,30.17,0.0,21.5,30.82,20.6,21.5,0,0,0
2677,2025-09-20 11:00:00,20.9,75.0,0,8.7,16.7,30.18,0.0,21.6,29.67,21.2,21.3,0,0,0
2678,2025-09-20 12:00:00,20.7,75.0,0,8.0,15.6,30.19,0.0,21.75,29.55,20.8,21.3,0,0,0
2679,2025-09-20 13:00:00,20.6,76.0,0,5.2,10.5,30.19,0.0,21.75,29.68,20.7,21.3,0,0,0
2680,2025-09-20 14:00:00,16.7,75.0,0,6.4,13.8,30.19,0.0,21.73,29.97,20.8,21.3,0,0,0
2681,2025-09-20 15:00:00,20.3,74.0,0,5.0,9.6,30.19,0.0,21.79,30.0,20.6,21.3,0,0,0
2682,2025-09-20 16:00:00,20.1,75.0,0,5.0,9.8,30.19,0.0,21.77,29.99,20.6,21.3,0,0,0
2683,2025-09-20 17:00:00,19.4,77.0,0,3.9,10.3,30.2,0.0,21.67,29.75,20.3,21.3,0,0,0
2684,2025-09-20 18:00:00,19.2,77.0,0,4.2,8.9,30.2,0.0,21.48,29.49,20.0,21.3,0,0,0
2685,2025-09-20 19:00:00,18.2,80.0,0,3.4,6.5,30.2,0.0,21.56,29.69,19.8,21.4,0,0,0
2686,2025-09-20 20:00:00,17.3,83.0,0,2.1,4.4,30.22,0.0,21.4,30.58,19.6,21.3,0,0,0
2687,2025-09-20 21:00:00,17.4,82.0,0,2.3,5.0,30.23,0.0,21.27,30.12,19.6,21.3,0,0,0
2688,2025-09-20 22:00:00,17.2,83.0,0,2.7,6.5,30.23,0.0,21.04,30.94,19.6,21.3,0,0,0
2689,2025-09-20 23:00:00,17.3,84.0,0,2.5,5.1,30.23,0.0,20.99,30.57,19.6,21.3,0,0,0
2690,2025-09-21 00:00:00,17.2,85.0,0,1.3,4.4,30.23,0.0,21.03,30.39,19.5,21.3,0,0,0
2691,2025-09-21 01:00:00,16.9,84.0,0,1.8,4.7,30.23,0.0,21.01,30.26,19.6,21.2,0,0,0
2692,2025-09-21 02:00:00,16.9,82.0,0,1.9,4.9,30.23,0.0,20.81,30.24,19.6,21.2,0,0,0
2693,2025-09-21 03:00:00,16.9,83.0,0,1.3,2.8,30.22,0.0,20.71,30.57,19.4,21.2,0,0,0
2694,2025-09-21 04:00:00,16.8,83.0,0,2.7,4.9,30.22,0.0,20.74,30.43,19.3,21.2,0,0,0
2695,2025-09-21 05:00:00,16.9,83.0,0,2.8,5.3,30.22,0.0,20.73,30.15,19.3,21.2,0,0,0
2696,2025-09-21 06:00:00,16.8,81.0,0,3.3,5.7,30.23,0.0,20.62,29.97,19.2,21.2,0,0,0
2697,2025-09-21 07:00:00,16.8,79.0,0,1.9,4.6,30.24,0.0,20.41,29.97,19.2,21.2,0,0,0
2698,2025-09-21 08:00:00,17.8,76.0,0,3.9,8.8,30.26,0.0,20.31,30.13,19.4,21.2,0,0,0
2699,2025-09-21 09:00:00,19.2,63.0,0,4.2,8.8,30.26,0.0,20.25,30.4,19.7,21.1,0,0,0
2700,2025-09-21 10:00:00,18.8,61.0,0,6.2,12.3,30.27,0.0,20.26,30.44,20.2,21.1,0,0,0
2701,2025-09-21 11:00:00,19.7,60.0,0,5.6,10.5,30.27,0.0,20.29,30.37,19.8,21.1,0,0,0
2702,2025-09-21 12:00:00,19.9,56.0,0,5.8,10.4,30.26,0.0,20.26,30.43,19.7,21.1,0,0,0
2703,2025-09-21 13:00:00,20.2,57.0,0,8.2,16.3,30.26,0.0,20.4,30.37,19.6,21.1,0,0,0
2704,2025-09-21 14:00:00,20.1,59.0,0,6.2,11.6,30.24,0.0,20.58,30.37,19.8,21.1,0,0,0
2705,2025-09-21 15:00:00,20.1,61.0,0,8.4,13.8,30.23,0.0,20.66,30.5,19.6,21.1,0,0,0
2706,2025-09-21 16:00:00,19.4,64.0,0,5.2,10.8,30.21,0.0,20.71,30.44,19.4,21.1,0,0,0
2707,2025-09-21 17:00:00,18.8,66.0,3,5.4,11.6,30.2,0.0,20.71,30.3,19.3,21.2,1,0,0
2708,2025-09-21 18:00:00,17.9,70.0,2,3.8,8.3,30.2,0.0,20.69,30.17,19.0,21.1,1,0,0
2709,2025-09-21 19:00:00,16.3,75.0,0,2.6,5.3,30.18,0.0,20.63,30.11,18.4,21.2,0,0,0
2710,2025-09-21 20:00:00,15.5,79.0,0,1.4,2.8,30.16,0.0,20.62,29.9,18.2,21.2,0,0,0
2711,2025-09-21 21:00:00,14.4,83.0,1,0.2,1.0,30.17,0.0,20.68,30.06,18.1,21.2,1,0,0
2712,2025-09-21 22:00:00,12.7,89.0,15,1.6,2.0,30.17,0.0,20.55,30.31,18.1,21.1,0,0,0
2713,2025-09-21 23:00:00,12.2,90.0,0,2.2,3.2,30.16,0.0,20.47,30.29,18.1,21.1,0,0,0
2714,2025-09-22 00:00:00,11.7,91.0,0,2.5,4.4,30.16,0.0,20.36,30.41,18.2,21.1,0,0,0
2715,2025-09-22 01:00:00,11.4,91.0,15,1.5,2.6,30.14,0.0,20.22,30.08,16.9,21.1,0,0,0
2716,2025-09-22 02:00:00,11.3,92.0,15,2.5,3.7,30.14,0.0,20.14,29.73,15.9,21.1,0,0,0
2717,2025-09-22 03:00:00,11.2,92.0,0,1.6,2.8,30.11,0.0,20.13,29.28,15.8,21.1,0,0,0
2718,2025-09-22 04:00:00,11.2,92.0,0,2.4,3.8,30.11,0.0,19.84,28.92,15.9,21.0,0,0,0
2719,2025-09-22 05:00:00,11.2,93.0,0,3.0,4.7,30.11,0.0,19.85,29.29,15.4,21.0,0,0,0
2720,2025-09-22 06:00:00,11.2,93.0,0,2.6,4.0,30.11,0.0,19.89,29.45,15.1,21.0,0,0,0
2721,2025-09-22 07:00:00,11.4,93.0,0,2.3,4.3,30.11,0.0,19.66,29.47,15.0,21.0,0,0,0
2722,2025-09-22 08:00:00,13.8,92.0,0,1.3,2.6,30.11,0.0,19.74,29.69,16.4,21.0,0,0,0
2723,2025-09-22 09:00:00,17.9,84.0,0,2.9,4.3,30.11,0.0,19.81,29.86,17.7,21.0,0,0,0
2724,2025-09-22 10:00:00,20.5,77.0,7,2.1,4.1,30.11,0.0,20.01,30.02,19.9,21.0,1,0,0
2725,2025-09-22 11:00:00,22.0,69.0,4,2.5,4.3,30.11,0.0,20.15,30.22,20.8,21.0,1,0,0
2726,2025-09-22 12:00:00,23.0,68.0,9,4.2,7.3,30.11,0.0,20.14,30.37,21.1,21.0,0,0,0
2727,2025-09-22 13:00:00,24.4,64.0,9,5.3,8.5,30.09,0.0,20.49,30.04,21.4,21.0,0,0,0
2728,2025-09-22 14:00:00,24.8,60.0,9,6.7,10.9,30.08,0.0,20.81,29.76,21.5,21.1,0,0,0
2729,2025-09-22 15:00:00,25.2,53.0,8,5.0,8.6,30.05,0.0,20.9,29.67,21.5,21.2,1,0,0
2730,2025-09-22 16:00:00,23.7,61.0,9,7.1,10.3,30.03,0.0,21.02,29.64,21.4,21.3,0,0,0
2731,2025-09-22 17:00:00,22.9,64.0,8,5.2,6.9,30.02,0.0,21.0,29.79,21.4,21.9,1,0,0
2732,2025-09-22 18:00:00,21.8,69.0,8,4.4,8.0,30.01,0.0,20.79,29.9,21.4,22.0,1,0,0
2733,2025-09-22 19:00:00,20.0,80.0,0,6.1,10.0,30.01,0.0,20.77,30.11,20.8,22.0,0,0,0
2734,2025-09-22 20:00:00,19.2,85.0,0,5.0,7.8,30.01,0.0,20.79,30.09,20.7,21.9,0,0,0
2735,2025-09-22 21:00:00,18.7,87.0,0,4.0,6.9,30.0,0.0,21.08,30.04,20.7,21.7,0,0,0
2736,2025-09-22 22:00:00,18.4,89.0,0,3.5,5.5,30.01,0.0,21.22,30.05,20.7,21.6,0,0,0
2737,2025-09-22 23:00:00,18.2,90.0,0,3.6,4.9,30.01,0.0,21.17,30.09,20.7,21.4,0,0,0
2738,2025-09-23 00:00:00,17.9,92.0,0,1.6,2.7,30.01,0.0,21.2,30.07,20.8,21.3,0,0,0
2739,2025-09-23 01:00:00,17.4,93.0,0,0.8,1.9,30.01,0.0,20.8,29.97,20.8,21.2,0,0,0
2740,2025-09-23 02:00:00,17.3,94.0,0,2.8,5.1,30.01,0.0,20.7,29.91,20.8,21.3,0,0,0
2741,2025-09-23 03:00:00,17.8,94.0,0,3.0,4.2,29.99,0.0,20.65,29.61,21.0,21.3,0,0,0
2742,2025-09-23 04:00:00,17.9,95.0,0,2.0,3.9,29.99,0.0,20.68,29.34,20.9,21.2,0,0,0
2743,2025-09-23 05:00:00,17.6,95.0,0,2.1,3.6,29.97,0.0,20.66,29.24,20.8,21.1,0,0,0
2744,2025-09-23 06:00:00,17.7,95.0,0,1.4,2.6,29.98,0.0,20.66,29.03,20.7,21.1,0,0,0
2745,2025-09-23 07:00:00,17.7,96.0,0,3.6,4.8,29.98,0.0,20.57,29.14,20.9,21.1,0,0,0
2746,2025-09-23 08:00:00,18.8,96.0,0,4.2,5.5,30.0,0.0,20.58,29.46,21.3,21.1,0,0,0
2747,2025-09-23 09:00:00,21.1,94.0,8,6.5,8.6,30.01,0.0,20.8,29.89,21.9,21.1,1,0,0
2748,2025-09-23 10:00:00,24.2,77.0,9,6.9,10.7,30.0,0.0,20.98,30.02,22.6,21.1,0,0,0
2749,2025-09-23 11:00:00,26.3,70.0,9,8.8,12.4,29.99,0.0,21.17,30.04,23.2,21.1,0,0,0
2750,2025-09-23 12:00:00,27.2,69.0,9,9.0,12.6,29.98,0.0,21.37,30.18,23.2,21.1,0,0,0
2751,2025-09-23 13:00:00,27.3,71.0,9,10.1,17.2,29.96,0.0,21.4,29.86,23.4,21.1,0,0,0
2752,2025-09-23 14:00:00,26.7,73.0,8,9.9,17.5,29.96,0.0,21.46,29.74,23.5,21.2,1,0,0
2753,2025-09-23 15:00:00,27.6,69.0,9,11.0,16.0,29.94,0.0,21.55,29.78,23.4,21.2,0,0,0
2754,2025-09-23 16:00:00,26.8,72.0,9,12.5,18.8,29.93,0.0,21.56,29.85,23.8,21.2,0,0,0
2755,2025-09-23 17:00:00,24.4,79.0,7,10.4,15.8,29.93,0.0,21.57,29.78,22.9,21.3,1,0,0
2756,2025-09-23 18:00:00,24.0,79.0,9,6.7,13.4,29.93,0.0,21.72,30.0,22.8,21.3,0,0,0
2757,2025-09-23 19:00:00,22.3,84.0,0,7.1,12.1,29.94,0.0,21.88,30.27,22.4,21.3,0,0,0
2758,2025-09-23 20:00:00,21.2,88.0,0,6.0,9.1,29.96,0.0,21.84,30.3,22.4,21.3,0,0,0
2759,2025-09-23 21:00:00,20.9,89.0,9,4.2,6.4,29.96,0.0,21.61,29.96,22.6,21.3,0,0,0
2760,2025-09-23 22:00:00,21.4,83.0,9,4.5,7.5,29.96,0.0,22.02,30.06,23.0,21.3,0,0,0
2761,2025-09-23 23:00:00,21.5,84.0,10,3.8,5.3,29.97,0.0,22.09,30.03,22.9,21.3,0,0,0
2762,2025-09-24 00:00:00,20.7,89.0,9,1.8,3.6,29.97,0.0,22.11,30.04,22.9,21.3,0,0,0
