Date,Mainland Air Temp,Humidity (%),Direction (A),Wind Speed (A),Gusting,Atmospheric Pressure (IN),Precipitation Rate,Bay Temp,Salinity,LBI Air Temp,Ocean Temp,Onshore,upwelling_flag,upwelling_pred_naive
2025-07-26 15:00:00,29.2,56.0,3,3.8,9.2,30.07,0.0,25.57,29.1,26.6,24.2,1,0,0
2025-07-26 16:00:00,28.2,60.0,3,4.7,8.8,30.06,0.0,26.14,28.72,26.1,24.2,1,0,0
2025-07-26 17:00:00,27.6,59.0,12,5.0,9.1,30.05,0.0,26.49,28.44,25.6,24.2,0,0,0
2025-07-26 18:00:00,26.9,61.0,4,5.1,9.9,30.04,0.0,26.48,28.2,25.7,24.3,1,0,0
2025-07-26 19:00:00,25.6,66.0,4,1.8,5.0,30.05,0.0,26.06,28.42,25.6,24.3,1,0,0
2025-07-26 20:00:00,25.1,69.0,10,1.9,3.7,30.05,0.0,25.48,29.04,25.0,24.4,0,0,0
2025-07-26 21:00:00,23.6,73.0,5,0.3,1.5,30.05,0.0,25.58,29.44,24.7,24.5,0,0,0
2025-07-26 22:00:00,24.8,77.0,6,2.4,5.2,30.06,0.0,24.84,29.76,24.7,24.5,1,0,0
2025-07-26 23:00:00,23.4,78.0,6,2.6,13.5,30.06,0.0,24.63,29.8,24.6,24.4,1,0,0
2025-07-27 00:00:00,23.3,79.0,5,0.8,25.5,30.05,0.0,22.64,30.79,24.5,24.4,0,0,0
2025-07-27 01:00:00,23.3,79.0,8,4.9,3.9,30.04,0.0,23.64,30.29,24.6,24.4,1,0,0
2025-07-27 02:00:00,23.4,79.0,8,3.8,7.3,30.04,0.0,24.99,29.57,24.6,24.3,1,0,0
2025-07-27 03:00:00,23.3,80.0,8,3.4,5.5,30.02,0.0,25.03,29.48,24.6,24.2,1,0,0
2025-07-27 04:00:00,23.4,82.0,8,3.4,5.7,30.03,0.0,24.99,29.31,24.7,24.2,1,0,0
2025-07-27 05:00:00,23.1,85.0,6,0.5,0.9,30.02,0.06,25.21,28.93,24.6,24.2,1,0,0
2025-07-27 06:00:00,22.3,89.0,10,0.3,1.1,30.01,0.01,25.13,28.87,24.1,24.2,0,0,0
2025-07-27 07:00:00,22.2,91.0,9,0.7,1.6,30.01,0.0,25.3,28.31,24.4,24.2,0,0,0
2025-07-27 08:00:00,24.1,92.0,8,3.5,7.2,30.02,0.0,25.29,28.22,25.1,24.2,1,0,0
2025-07-27 09:00:00,25.8,87.0,9,6.7,11.7,30.01,0.0,25.22,28.34,25.3,24.1,0,0,0
2025-07-27 10:00:00,27.2,84.0,8,5.7,9.6,30.0,0.0,24.79,29.28,26.3,24.1,1,0,0
2025-07-27 11:00:00,28.1,82.0,9,5.5,8.6,30.0,0.0,24.68,29.69,26.3,24.1,0,0,0
2025-07-27 12:00:00,27.8,81.0,9,7.8,12.8,29.99,0.0,24.73,29.73,26.8,24.0,0,0,0
2025-07-27 13:00:00,28.3,81.0,9,6.7,10.2,29.97,0.0,24.96,29.71,27.5,24.1,0,0,0
2025-07-27 14:00:00,29.3,82.0,8,9.0,13.7,29.94,0.0,25.45,29.41,26.6,24.2,1,0,0
2025-07-27 15:00:00,30.8,77.0,9,7.3,11.5,29.91,0.0,25.72,29.3,27.5,24.2,0,0,0
2025-07-27 16:00:00,31.3,76.0,9,9.2,15.3,29.89,0.0,25.71,29.34,28.3,24.3,0,0,0
2025-07-27 17:00:00,29.9,77.0,8,9.2,14.7,29.88,0.0,25.66,29.41,27.6,24.4,1,0,0
2025-07-27 18:00:00,27.3,86.0,9,8.1,14.7,29.91,0.0,26.06,28.65,26.8,24.5,0,0,0
2025-07-27 19:00:00,27.4,83.0,10,3.4,6.4,29.91,0.0,25.99,28.73,27.1,24.5,0,0,0
2025-07-27 20:00:00,25.5,91.0,11,3.2,5.4,29.92,0.0,25.97,28.74,27.2,24.7,0,0,0
2025-07-27 21:00:00,26.1,88.0,10,2.4,4.8,29.91,0.0,25.79,28.83,26.8,24.6,0,0,0
2025-07-27 22:00:00,24.8,92.0,10,2.9,4.8,29.92,0.0,25.75,29.28,26.8,24.6,0,0,0
2025-07-27 23:00:00,24.8,92.0,10,2.9,4.8,29.92,0.0,26.01,29.27,26.6,24.5,0,0,0
2025-07-28 00:00:00,24.6,92.0,10,3.1,5.4,29.92,0.0,25.82,28.99,26.8,24.5,0,0,0
2025-07-28 01:00:00,24.3,93.0,12,3.1,6.0,29.92,0.0,25.33,29.32,26.4,24.5,0,0,0
2025-07-28 02:00:00,24.1,93.0,2,2.9,5.8,29.91,0.0,25.7,29.19,26.1,24.5,1,0,0
2025-07-28 03:00:00,24.0,94.0,14,3.4,6.1,29.91,0.0,25.61,28.79,25.9,24.5,0,0,0
2025-07-28 04:00:00,23.8,94.0,14,3.1,5.8,29.91,0.0,25.54,28.71,26.0,24.5,0,0,0
2025-07-28 05:00:00,23.5,93.0,15,2.3,4.3,29.91,0.0,25.55,28.84,26.0,24.6,0,0,0
2025-07-28 06:00:00,23.4,92.0,15,3.8,7.2,29.93,0.0,25.68,28.33,26.4,24.6,0,0,0
2025-07-28 07:00:00,24.2,90.0,15,3.1,6.1,29.94,0.0,25.96,27.57,26.1,24.5,0,0,0
2025-07-28 08:00:00,25.9,83.0,15,4.4,8.5,29.96,0.0,26.03,27.68,26.8,24.6,0,0,0
2025-07-28 09:00:00,28.7,76.0,0,2.6,4.8,29.96,0.0,26.18,27.49,28.1,24.5,0,0,0
2025-07-28 10:00:00,31.0,64.0,15,3.4,6.1,29.96,0.0,25.51,28.53,28.1,24.5,0,0,0
2025-07-28 11:00:00,33.2,57.0,13,2.3,4.7,29.96,0.0,25.64,29.01,29.1,24.5,0,0,0
2025-07-28 12:00:00,34.1,54.0,15,2.3,6.1,29.96,0.0,25.71,29.2,29.8,24.5,0,0,0
2025-07-28 13:00:00,34.6,53.0,1,1.6,3.1,29.96,0.0,25.74,29.25,30.6,24.5,1,0,0
2025-07-28 14:00:00,33.3,57.0,6,2.5,4.5,29.95,0.0,25.55,29.35,30.5,24.7,1,0,0
2025-07-28 15:00:00,33.5,56.0,6,2.3,6.2,29.95,0.0,26.82,29.31,29.7,24.7,1,0,0
2025-07-28 16:00:00,32.7,58.0,5,3.3,8.4,29.94,0.0,27.57,29.07,29.3,25.1,0,0,0
2025-07-28 17:00:00,32.4,60.0,6,2.5,5.7,29.94,0.0,28.03,28.54,28.7,25.6,1,0,0
2025-07-28 18:00:00,31.8,61.0,9,3.9,7.2,29.3,0.0,28.22,28.14,28.8,25.9,0,0,0
2025-07-28 19:00:00,30.7,64.0,9,4.7,7.4,29.93,0.0,28.39,27.86,28.9,26.0,0,0,0
2025-07-28 20:00:00,28.9,68.0,8,3.3,5.1,29.93,0.0,28.38,27.46,28.3,26.2,1,0,0
2025-07-28 21:00:00,27.3,75.0,8,2.4,3.7,29.95,0.0,27.81,27.92,28.5,26.2,1,0,0
2025-07-28 22:00:00,26.3,79.0,9,4.0,5.6,29.96,0.0,27.44,28.18,28.3,25.9,0,0,0
2025-07-28 23:00:00,25.8,83.0,8,4.0,5.8,29.96,0.0,27.16,28.94,28.1,25.5,1,0,0
2025-07-29 00:00:00,25.4,86.0,8,4.0,6.7,29.94,0.0,26.75,29.09,27.7,25.4,1,0,0
2025-07-29 01:00:00,25.1,89.0,8,2.1,4.1,29.94,0.0,25.71,29.63,27.0,25.6,1,0,0
2025-07-29 02:00:00,24.9,91.0,9,3.6,5.1,29.94,0.0,25.87,29.58,27.2,25.7,0,0,0
2025-07-29 03:00:00,24.8,92.0,10,1.9,3.4,29.94,0.0,26.4,29.34,26.9,25.5,0,0,0
2025-07-29 04:00:00,24.8,92.0,9,1.7,2.7,29.95,0.0,26.59,28.93,27.3,25.3,0,0,0
2025-07-29 05:00:00,24.3,93.0,10,1.5,2.0,29.95,0.0,26.51,28.97,26.9,25.0,0,0,0
2025-07-29 06:00:00,24.1,93.0,10,1.9,4.6,29.96,0.0,26.62,29.03,27.1,24.9,0,0,0
2025-07-29 07:00:00,24.1,94.0,11,2.0,3.5,29.97,0.0,26.67,28.54,26.6,24.9,0,0,0
2025-07-29 08:00:00,25.5,93.0,11,0.6,1.6,29.98,0.0,26.5,28.73,27.0,25.1,0,0,0
2025-07-29 09:00:00,29.3,80.0,12,1.0,2.5,29.98,0.0,26.69,28.31,28.6,25.2,0,0,0
2025-07-29 10:00:00,33.6,63.0,14,1.2,4.5,29.97,0.0,26.4,28.64,30.9,25.2,0,0,0
2025-07-29 11:00:00,35.9,53.0,14,2.9,4.8,29.97,0.0,26.11,29.05,30.4,25.3,0,0,0
2025-07-29 12:00:00,38.1,43.0,14,2.8,4.8,29.96,0.0,26.81,28.95,31.0,25.3,0,0,0
2025-07-29 13:00:00,39.8,39.0,10,2.5,5.9,29.96,0.0,26.3,29.33,30.9,25.6,0,0,0
2025-07-29 14:00:00,37.2,49.0,10,4.7,9.0,29.96,0.0,26.1,29.48,30.3,25.9,0,0,0
2025-07-29 15:00:00,37.8,48.0,9,4.3,9.8,29.95,0.0,27.27,29.34,30.5,26.2,0,0,0
2025-07-29 16:00:00,37.3,53.0,9,4.3,8.3,29.93,0.0,28.1,29.1,29.7,26.7,0,0,0
2025-07-29 17:00:00,35.2,59.0,7,5.6,13.0,29.96,0.0,28.35,29.04,29.3,26.7,1,0,0
2025-07-29 18:00:00,33.8,62.0,9,7.3,11.8,29.94,0.0,28.57,28.8,29.4,26.4,0,1,0
2025-07-29 19:00:00,32.8,64.0,9,4.8,8.6,29.93,0.0,28.92,28.02,29.3,27.1,0,0,1
2025-07-29 20:00:00,30.8,74.0,9,4.2,9.3,29.93,0.0,29.08,27.73,28.9,26.9,0,0,0
2025-07-29 21:00:00,28.4,81.0,9,6.4,10.1,29.94,0.0,28.08,28.76,28.3,26.4,0,0,0
2025-07-29 22:00:00,27.6,79.0,9,5.5,8.8,29.95,0.0,27.8,28.73,29.1,26.4,0,0,0
2025-07-29 23:00:00,27.1,78.0,9,3.6,7.3,29.96,0.0,27.49,29.15,29.2,26.2,0,0,0
2025-07-30 00:00:00,26.6,78.0,10,4.0,7.2,29.95,0.0,27.6,28.72,29.0,25.8,0,0,0
2025-07-30 01:00:00,26.1,81.0,10,3.7,7.0,29.95,0.0,27.43,29.52,28.8,25.6,0,0,0
2025-07-30 02:00:00,25.2,85.0,10,3.5,7.2,29.94,0.0,27.16,29.46,28.0,25.5,0,0,0
2025-07-30 03:00:00,24.8,88.0,12,1.8,3.4,29.93,0.0,27.32,29.35,27.4,25.4,0,0,0
2025-07-30 04:00:00,24.3,90.0,11,2.0,3.9,29.93,0.0,27.45,28.91,27.3,25.4,0,0,0
2025-07-30 05:00:00,23.9,92.0,12,1.9,5.0,29.93,0.0,27.51,28.6,26.6,25.5,0,0,0
2025-07-30 06:00:00,23.7,92.0,11,2.1,3.4,29.94,0.0,27.16,28.7,26.5,25.5,0,0,0
2025-07-30 07:00:00,24.1,93.0,11,2.6,3.7,29.96,0.0,27.31,28.48,26.5,25.5,0,0,0
2025-07-30 08:00:00,25.7,92.0,13,1.3,3.0,29.96,0.0,27.44,28.17,27.7,25.6,0,0,0
2025-07-30 09:00:00,29.8,94.0,13,1.3,3.8,29.97,0.0,28.11,27.3,29.2,25.6,0,0,0
2025-07-30 10:00:00,32.7,62.0,14,2.3,5.8,29.97,0.0,27.96,27.65,30.7,25.6,0,0,0
2025-07-30 11:00:00,35.4,54.0,1,1.7,3.1,29.97,0.0,27.59,28.49,32.3,25.7,1,0,0
2025-07-30 12:00:00,38.2,45.0,8,2.9,5.3,29.95,0.0,27.42,28.8,30.5,25.6,1,0,0
2025-07-30 13:00:00,38.1,49.0,9,8.1,12.6,29.94,0.0,27.79,29.2,31.2,25.7,0,0,0
2025-07-30 14:00:00,37.6,50.0,9,7.0,12.1,29.94,0.0,27.16,29.47,31.8,25.8,0,0,0
2025-07-30 15:00:00,35.9,54.0,8,10.2,14.1,29.93,0.0,28.22,29.54,31.4,26.0,1,0,0
2025-07-30 16:00:00,35.5,56.0,8,10.1,15.4,29.91,0.0,28.57,29.5,31.1,26.2,1,0,0
2025-07-30 17:00:00,35.0,58.0,9,9.0,18.9,29.9,0.0,28.29,29.44,31.1,26.8,0,1,0
2025-07-30 18:00:00,33.8,60.0,8,10.7,15.7,29.9,0.0,28.34,29.44,30.6,27.1,1,1,1
2025-07-30 19:00:00,32.4,62.0,9,7.4,12.7,29.91,0.0,28.36,29.41,30.3,27.1,0,1,1
2025-07-30 20:00:00,30.3,69.0,8,7.8,11.9,29.91,0.0,28.33,29.25,29.4,27.0,1,1,1
2025-07-30 21:00:00,28.6,74.0,9,5.4,7.9,29.93,0.0,28.35,28.99,29.5,26.7,0,0,1
2025-07-30 22:00:00,27.4,50.0,9,5.1,7.4,29.94,0.0,27.88,29.16,28.6,26.6,0,0,0
2025-07-30 23:00:00,26.7,80.0,9,4.2,6.8,29.95,0.0,27.59,29.3,28.2,26.5,0,0,0
2025-07-31 00:00:00,26.2,83.0,8,5.5,10.6,29.94,0.0,27.62,29.49,27.9,26.3,1,0,0
2025-07-31 01:00:00,25.9,87.0,9,4.5,7.9,29.93,0.0,27.54,29.62,27.6,26.3,0,0,0
2025-07-31 02:00:00,25.7,89.0,9,2.9,4.7,29.93,0.0,27.61,29.52,27.6,26.2,0,0,0
2025-07-31 03:00:00,25.1,89.0,9,2.9,4.5,29.93,0.0,27.42,29.71,27.6,26.2,0,0,0
2025-07-31 04:00:00,24.8,90.0,9,2.6,3.9,29.92,0.0,27.31,29.56,27.4,26.1,0,0,0
2025-07-31 05:00:00,24.2,90.0,9,2.4,3.9,29.92,0.0,27.43,29.38,27.5,26.1,0,0,0
2025-07-31 06:00:00,23.9,91.0,9,2.6,3.9,29.92,0.0,27.53,29.26,27.2,26.1,0,0,0
2025-07-31 07:00:00,24.4,92.0,9,2.5,4.3,29.93,0.0,27.74,28.7,27.3,26.1,0,0,0
2025-07-31 08:00:00,26.8,89.0,9,6.4,9.8,29.93,0.0,27.83,28.27,27.7,26.0,0,0,0
2025-07-31 09:00:00,29.8,78.0,9,6.3,10.5,29.93,0.0,28.12,28.07,28.2,26.1,0,0,0
2025-07-31 10:00:00,32.1,71.0,9,4.7,8.7,29.93,0.0,28.44,27.99,30.4,26.2,0,0,0
2025-07-31 11:00:00,33.8,65.0,8,5.2,9.8,29.92,0.0,28.07,28.85,28.7,26.2,1,0,0
2025-07-31 12:00:00,34.8,63.0,9,10.8,16.3,29.91,0.0,28.03,29.24,28.8,26.2,0,0,0
2025-07-31 13:00:00,34.3,63.0,8,9.7,14.9,29.89,0.0,28.08,29.5,29.2,26.2,1,0,0
2025-07-31 14:00:00,33.1,66.0,8,12.7,20.9,29.87,0.0,28.35,29.54,29.5,26.3,1,0,0
2025-07-31 15:00:00,30.7,75.0,9,12.1,20.3,29.88,0.0,28.52,29.59,28.6,26.5,0,0,0
2025-07-31 16:00:00,28.7,83.0,8,9.5,15.0,29.87,0.0,28.33,29.71,28.1,26.7,1,0,0
2025-07-31 17:00:00,24.1,84.0,15,5.8,16.1,29.91,0.08,28.16,29.49,28.3,26.7,0,0,0
2025-07-31 18:00:00,22.6,92.0,15,3.0,6.9,29.91,0.98,28.05,29.09,24.0,26.8,0,0,0
2025-07-31 19:00:00,22.7,93.0,6,0.9,2.8,29.94,0.27,27.93,29.21,23.6,26.9,1,0,0
2025-07-31 20:00:00,22.5,94.0,6,2.0,4.0,29.9,0.12,27.71,29.53,23.4,26.7,1,0,0
2025-07-31 21:00:00,24.4,95.0,9,1.3,2.5,29.91,0.01,27.72,29.53,23.6,26.7,0,0,0
2025-07-31 22:00:00,24.4,95.0,3,0.9,1.9,29.95,0.0,27.84,29.18,24.1,26.6,1,0,0
2025-07-31 23:00:00,22.7,59.0,15,2.9,7.8,29.93,0.0,28.03,28.22,24.9,26.6,0,0,0
2025-08-01 00:00:00,21.7,95.0,2,3.6,8.8,29.94,0.0,27.81,28.33,23.9,26.6,1,0,0
2025-08-01 01:00:00,22.1,96.0,2,4.9,9.2,29.95,0.0,27.32,28.77,24.2,26.6,1,0,0
2025-08-01 02:00:00,20.4,95.0,0,8.3,16.2,29.95,0.06,26.83,29.46,23.7,26.7,0,0,0
2025-08-01 03:00:00,19.6,95.0,0,9.6,15.2,29.96,0.0,26.58,29.43,22.3,26.7,0,0,0
2025-08-01 04:00:00,19.3,94.0,0,10.4,19.6,29.96,0.0,26.41,29.43,23.5,26.7,0,0,0
2025-08-01 05:00:00,19.7,92.0,0,6.7,16.6,29.98,0.0,26.03,29.49,23.1,26.7,0,0,0
2025-08-01 06:00:00,19.4,92.0,0,10.8,16.6,30.01,0.01,26.03,29.38,22.7,26.3,0,0,0
2025-08-01 07:00:00,18.9,94.0,0,7.3,15.6,30.03,0.03,26.4,28.84,21.9,25.8,0,0,0
2025-08-01 08:00:00,18.8,94.0,0,7.7,14.4,30.05,0.0,26.29,28.87,21.2,25.6,0,0,0
2025-08-01 09:00:00,18.8,94.0,0,9.3,16.1,30.06,0.01,26.16,28.96,20.6,25.5,0,0,0
2025-08-01 10:00:00,19.2,94.0,0,8.5,16.7,30.07,0.0,26.04,28.71,21.2,25.1,0,0,0
2025-08-01 11:00:00,19.3,93.0,0,9.2,18.3,30.07,0.01,25.77,28.51,21.7,24.9,0,0,0
2025-08-01 12:00:00,20.0,89.0,0,8.5,16.4,30.08,0.0,25.12,27.97,21.9,24.5,0,0,0
2025-08-01 13:00:00,19.9,88.0,0,6.0,11.3,30.1,0.0,24.39,29.42,21.4,24.2,0,0,0
2025-08-01 14:00:00,19.3,91.0,0,5.5,8.7,30.1,0.0,23.03,30.35,21.4,24.3,0,0,0
2025-08-01 15:00:00,18.9,92.0,0,4.5,8.9,30.12,0.0,24.42,29.32,20.9,24.4,0,0,0
2025-08-01 16:00:00,18.7,93.0,0,4.2,8.2,30.13,0.0,23.71,29.89,20.8,24.3,0,0,0
2025-08-01 17:00:00,19.1,93.0,0,2.7,5.3,30.15,0.0,23.01,30.43,21.7,24.2,0,0,0
2025-08-01 18:00:00,19.9,88.0,0,2.8,5.4,30.14,0.0,22.87,30.59,21.8,24.1,0,0,0
2025-08-01 19:00:00,20.1,85.0,0,2.5,6.1,30.15,0.0,22.91,30.66,22.1,24.0,0,0,0
2025-08-01 20:00:00,20.1,84.0,0,2.8,5.5,30.15,0.0,23.09,30.37,22.3,23.8,0,0,0
2025-08-01 21:00:00,19.2,86.0,0,1.4,2.7,30.17,0.0,23.41,29.83,22.3,23.7,0,0,0
2025-08-01 22:00:00,18.1,90.0,0,1.0,2.0,30.18,0.0,23.86,29.16,22.3,23.6,0,0,0
2025-08-01 23:00:00,17.6,92.0,0,1.3,2.3,30.18,0.0,24.33,28.04,22.3,23.7,0,0,0
2025-08-02 00:00:00,17.1,92.0,15,1.9,3.0,30.17,0.0,24.46,27.34,20.8,23.6,0,0,0
2025-08-02 01:00:00,16.7,93.0,15,2.4,4.0,30.16,0.0,24.12,27.77,20.3,23.6,0,0,0
2025-08-02 02:00:00,16.3,94.0,15,2.0,3.7,30.16,0.0,29.93,27.51,20.0,23.5,0,0,0
2025-08-02 03:00:00,15.9,94.0,0,1.6,3.2,30.16,0.0,23.77,27.34,19.4,23.5,0,0,0
2025-08-02 04:00:00,15.8,95.0,0,1.9,4.2,30.16,0.0,23.32,27.65,19.3,23.6,0,0,0
2025-08-02 05:00:00,15.8,95.0,0,2.1,3.8,30.17,0.01,23.3,28.25,19.7,23.5,0,0,0
2025-08-02 06:00:00,15.7,95.0,15,1.8,3.4,30.19,0.01,23.18,27.99,19.6,23.5,0,0,0
2025-08-02 07:00:00,16.3,95.0,0,2.2,4.3,30.2,0.0,23.27,28.41,19.2,23.5,0,0,0
2025-08-02 08:00:00,18.3,96.0,15,1.6,3.1,30.2,0.0,23.32,27.8,20.4,23.5,0,0,0
2025-08-02 09:00:00,20.2,91.0,1,2.6,4.4,30.2,0.0,23.68,27.75,20.9,23.4,1,0,0
2025-08-02 10:00:00,23.2,77.0,2,5.3,9.9,30.2,0.0,23.83,27.67,21.7,23.4,1,0,0
2025-08-02 11:00:00,24.7,70.0,2,5.6,9.2,30.12,0.0,24.28,27.62,22.8,23.4,1,0,0
2025-08-02 12:00:00,25.2,67.0,2,5.3,10.4,30.19,0.0,24.49,27.84,23.0,23.4,1,0,0
2025-08-02 13:00:00,24.4,71.0,3,5.5,11.9,30.17,0.0,24.38,28.31,23.3,23.4,1,0,0
2025-08-02 14:00:00,24.4,66.0,3,6.0,10.4,30.18,0.0,24.34,28.4,23.8,23.5,1,0,0
2025-08-02 15:00:00,25.3,61.0,12,2.8,6.1,30.17,0.0,24.21,28.27,24.2,23.6,0,0,0
2025-08-02 16:00:00,24.8,60.0,10,2.8,5.7,30.16,0.0,24.13,28.72,24.2,23.6,0,0,0
2025-08-02 17:00:00,24.9,59.0,12,2.5,6.1,30.16,0.0,24.21,28.8,23.8,23.8,0,0,0
2025-08-02 18:00:00,24.3,62.0,3,3.0,7.5,30.15,0.0,24.88,29.08,24.0,23.9,1,0,0
2025-08-02 19:00:00,23.8,64.0,5,1.2,3.0,30.15,0.0,24.69,29.18,23.7,24.0,0,0,0
2025-08-02 20:00:00,22.3,69.0,0,0.0,0.0,30.15,0.0,24.46,29.17,23.2,24.0,0,0,0
2025-08-02 21:00:00,20.2,79.0,0,0.5,1.0,30.16,0.0,24.63,28.87,22.7,24.0,0,0,0
2025-08-02 22:00:00,18.6,80.0,0,0.0,0.0,30.16,0.0,24.67,28.18,22.4,24.0,0,0,0
2025-08-02 23:00:00,17.7,84.0,6,0.0,0.4,30.16,0.0,24.58,27.87,22.5,23.9,1,0,0
2025-08-03 00:00:00,17.1,86.0,6,0.4,0.9,30.15,0.0,24.69,27.6,22.8,23.9,1,0,0
2025-08-03 01:00:00,16.7,89.0,15,0.5,1.3,30.14,0.0,24.53,26.92,21.5,23.8,0,0,0
2025-08-03 02:00:00,16.3,89.0,15,2.1,3.0,30.13,0.0,24.45,27.04,21.1,23.8,0,0,0
2025-08-03 03:00:00,16.1,89.0,0,2.1,3.2,30.12,0.0,24.31,27.18,20.6,23.7,0,0,0
2025-08-03 04:00:00,15.8,89.0,0,2.4,3.9,30.11,0.0,24.13,27.2,20.4,23.7,0,0,0
2025-08-03 05:00:00,15.7,89.0,0,2.2,4.3,30.12,0.0,23.88,27.43,20.2,23.6,0,0,0
2025-08-03 06:00:00,15.3,88.0,15,2.2,3.8,30.13,0.0,23.88,27.73,19.8,23.6,0,0,0
2025-08-03 07:00:00,16.1,87.0,0,2.6,4.0,30.14,0.0,23.86,27.74,20.2,23.6,0,0,0
2025-08-03 08:00:00,18.4,84.0,0,2.4,3.8,30.14,0.0,23.81,27.43,20.9,23.5,0,0,0
2025-08-03 09:00:00,22.2,74.0,15,3.1,5.5,30.14,0.0,23.96,26.78,21.9,23.5,0,0,0
2025-08-03 10:00:00,24.3,61.0,15,1.4,3.8,30.14,0.0,24.43,26.6,22.9,23.4,0,0,0
2025-08-03 11:00:00,27.1,51.0,2,2.5,4.8,30.14,0.0,24.77,26.37,23.2,23.4,1,0,0
2025-08-03 12:00:00,26.6,48.0,3,5.5,12.0,30.13,0.0,24.99,26.17,23.9,23.4,1,0,0
2025-08-03 13:00:00,27.3,41.0,1,4.9,10.2,30.12,0.0,25.12,26.92,24.6,23.4,1,0,0
2025-08-03 14:00:00,27.9,37.0,2,4.5,9.8,30.11,0.0,25.26,27.44,24.5,23.5,1,0,0
2025-08-03 15:00:00,27.9,35.0,2,4.6,9.0,30.09,0.0,25.02,27.48,24.9,23.6,1,0,0
2025-08-03 16:00:00,27.4,38.0,3,3.2,7.9,30.08,0.0,24.78,28.06,24.9,23.7,1,0,0
2025-08-03 17:00:00,27.8,40.0,5,2.6,6.6,30.08,0.0,24.93,27.98,25.2,23.9,0,0,0
2025-08-03 18:00:00,27.6,39.0,4,2.2,3.6,30.08,0.0,24.92,28.84,25.2,24.0,1,0,0
2025-08-03 19:00:00,26.2,47.0,5,0.5,1.4,30.08,0.0,25.97,29.16,24.8,24.2,0,0,0
2025-08-03 20:00:00,24.2,55.0,5,0.1,0.9,30.07,0.0,25.03,28.76,24.0,24.3,0,0,0
2025-08-03 21:00:00,21.2,66.0,0,0.1,0.2,30.08,0.0,24.85,28.72,23.6,24.5,0,0,0
2025-08-03 22:00:00,19.4,74.0,0,0.3,0.7,30.08,0.0,25.09,28.15,23.3,24.5,0,0,0
2025-08-03 23:00:00,18.4,76.0,0,0.5,1.2,30.07,0.0,25.31,27.77,23.2,24.5,0,0,0
2025-08-04 00:00:00,17.3,79.0,0,0.8,1.3,30.08,0.0,24.89,27.03,22.8,24.3,0,0,0
2025-08-04 01:00:00,16.6,81.0,14,2.0,3.0,30.08,0.0,24.91,27.23,21.6,24.1,0,0,0
2025-08-04 02:00:00,16.2,80.0,0,0.8,1.8,30.08,0.0,24.64,25.89,21.1,24.0,0,0,0
2025-08-04 03:00:00,16.2,78.0,13,1.6,3.0,30.07,0.0,24.56,27.26,21.3,24.0,0,0,0
2025-08-04 04:00:00,16.2,78.0,14,2.1,3.4,30.07,0.0,24.35,27.55,21.2,23.9,0,0,0
2025-08-04 05:00:00,15.8,80.0,0,2.2,3.4,30.07,0.0,24.18,27.48,21.4,23.8,0,0,0
2025-08-04 06:00:00,15.0,82.0,0,1.3,2.5,30.09,0.0,24.23,27.74,20.6,23.8,0,0,0
2025-08-04 07:00:00,15.4,83.0,0,1.9,3.0,30.1,0.0,24.2,27.52,20.7,23.7,0,0,0
2025-08-04 08:00:00,18.2,79.0,14,1.6,2.9,30.12,0.0,24.28,27.89,21.3,23.7,0,0,0
2025-08-04 09:00:00,22.0,72.0,14,2.5,4.3,30.11,0.0,24.4,27.55,22.5,23.6,0,0,0
2025-08-04 10:00:00,25.4,57.0,14,3.2,6.0,30.11,0.0,24.49,26.92,23.8,23.6,0,0,0
2025-08-04 11:00:00,28.4,51.0,1,1.4,2.8,30.1,0.0,24.57,26.29,25.2,23.6,1,0,0
2025-08-04 12:00:00,31.2,44.0,12,2.5,3.9,30.1,0.0,24.96,26.3,26.6,23.6,0,0,0
2025-08-04 13:00:00,32.4,37.0,3,3.7,8.4,30.1,0.0,25.32,26.13,27.6,23.7,1,0,0
2025-08-04 14:00:00,31.8,42.0,7,5.8,10.7,30.09,0.0,25.63,27.17,26.2,23.7,1,0,0
2025-08-04 15:00:00,31.6,40.0,4,4.1,8.7,30.09,0.0,25.55,27.41,26.1,23.9,1,0,0
2025-08-04 16:00:00,31.3,42.0,7,3.5,6.0,30.09,0.0,25.45,27.77,25.8,24.3,1,0,0
2025-08-04 17:00:00,30.2,43.0,7,3.5,6.2,30.09,0.0,25.27,28.38,25.4,25.4,1,0,0
2025-08-04 18:00:00,29.7,45.0,9,5.0,8.3,30.09,0.0,25.34,28.46,25.7,26.4,0,0,0
2025-08-04 19:00:00,27.7,50.0,8,5.2,7.8,30.09,0.0,25.91,28.91,25.4,26.8,1,0,0
2025-08-04 20:00:00,25.6,58.0,9,2.0,3.7,30.1,0.0,25.82,28.71,24.8,26.5,0,0,0
2025-08-04 21:00:00,23.3,66.0,0,1.2,2.5,30.12,0.0,25.6,28.14,24.8,25.7,0,0,0
2025-08-04 22:00:00,21.7,72.0,0,1.4,3.2,30.14,0.0,25.62,28.17,24.6,25.1,0,0,0
2025-08-04 23:00:00,20.7,77.0,0,1.6,3.1,30.15,0.0,25.61,28.05,24.4,24.7,0,0,0
2025-08-05 00:00:00,19.9,81.0,0,2.1,3.3,30.16,0.0,25.65,27.68,24.3,24.7,0,0,0
2025-08-05 01:00:00,16.4,81.0,14,1.3,3.0,30.08,0.0,25.36,27.34,23.6,24.4,0,0,0
2025-08-05 02:00:00,16.2,80.0,15,1.1,1.9,30.08,0.0,25.33,27.23,23.2,24.3,0,0,0
2025-08-05 03:00:00,16.2,78.0,14,1.5,2.1,30.07,0.0,25.15,27.1,23.3,24.1,0,0,0
2025-08-05 04:00:00,16.2,78.0,14,2.1,3.4,30.07,0.0,25.06,26.98,22.5,24.0,0,0,0
2025-08-05 05:00:00,15.8,80.0,0,2.2,3.4,30.07,0.0,24.86,27.58,22.4,24.0,0,0,0
2025-08-05 06:00:00,15.0,82.0,0,1.3,2.5,30.09,0.0,24.77,27.79,22.1,24.0,0,0,0
2025-08-05 07:00:00,15.4,83.0,0,1.9,3.0,30.11,0.0,24.81,28.35,22.1,24.0,0,0,0
2025-08-05 08:00:00,18.2,79.0,14,1.6,2.9,30.12,0.0,25.11,28.21,23.2,24.0,0,0,0
2025-08-05 09:00:00,22.0,72.0,14,2.5,4.3,30.11,0.0,25.12,27.69,24.4,24.0,0,0,0
2025-08-05 10:00:00,25.3,59.0,13,3.3,6.7,30.11,0.0,25.13,27.28,25.4,24.0,0,0,0
2025-08-05 11:00:00,28.4,51.0,1,1.4,2.8,30.1,0.0,25.06,27.08,25.9,24.0,1,0,0
2025-08-05 12:00:00,31.2,44.0,12,2.5,3.9,30.1,0.0,25.29,27.12,25.6,24.0,0,0,0
2025-08-05 13:00:00,32.4,37.0,3,3.7,8.4,30.1,0.0,25.48,27.12,25.3,24.0,1,0,0
2025-08-05 14:00:00,32.0,41.0,5,3.7,7.7,30.07,0.0,25.9,26.88,25.2,24.3,0,0,0
2025-08-05 15:00:00,31.6,40.0,4,4.1,8.7,30.09,0.0,25.6,27.84,25.4,24.5,1,0,0
2025-08-05 16:00:00,31.3,40.0,7,3.6,6.0,30.09,0.0,25.69,27.81,25.8,25.0,1,0,0
2025-08-05 17:00:00,30.2,43.0,7,3.5,6.2,30.09,0.0,25.72,27.87,26.0,25.1,1,0,0
2025-08-05 18:00:00,29.7,45.0,9,5.0,8.3,30.09,0.0,25.59,28.27,25.4,25.1,0,0,0
2025-08-05 19:00:00,27.9,50.0,8,6.0,9.1,30.1,0.0,25.57,28.29,25.1,24.9,1,0,0
2025-08-05 20:00:00,25.8,57.0,8,2.9,4.7,30.1,0.0,25.21,28.94,24.7,24.9,1,0,0
2025-08-05 21:00:00,23.3,66.0,0,1.2,2.5,30.12,0.0,25.61,28.83,24.6,24.9,0,0,0
2025-08-05 22:00:00,21.7,72.0,0,1.4,3.2,30.14,0.0,25.44,28.68,24.4,24.7,0,0,0
2025-08-05 23:00:00,20.7,77.0,0,1.6,3.1,30.15,0.0,25.47,28.67,24.4,24.5,0,0,0
2025-08-06 00:00:00,19.9,81.0,0,2.1,3.3,30.16,0.0,25.68,28.46,24.2,24.4,0,0,0
2025-08-06 01:00:00,22.2,85.0,0,1.3,3.1,30.28,0.0,25.53,28.28,24.1,24.3,0,0,0
2025-08-06 02:00:00,22.1,84.0,0,2.2,3.5,30.28,0.0,25.19,28.47,24.1,24.2,0,0,0
2025-08-06 03:00:00,21.9,82.0,0,1.4,2.9,30.29,0.0,25.11,28.28,24.1,24.1,0,0,0
2025-08-06 04:00:00,21.8,82.0,2,1.1,2.1,30.28,0.0,25.01,28.36,24.1,24.1,1,0,0
2025-08-06 05:00:00,21.8,82.0,0,1.3,2.8,30.28,0.0,24.79,29.0,23.9,24.0,0,0,0
2025-08-06 06:00:00,21.9,85.0,0,2.8,4.6,30.28,0.0,24.65,28.84,23.8,24.0,0,0,0
2025-08-06 07:00:00,22.2,86.0,0,3.4,7.4,30.3,0.0,24.81,28.73,23.6,24.0,0,0,0
2025-08-06 08:00:00,22.3,87.0,0,3.9,7.7,30.3,0.0,24.81,28.8,23.6,24.0,0,0,0
2025-08-06 09:00:00,22.7,86.0,0,5.7,9.5,30.32,0.0,24.73,28.84,23.8,24.0,0,0,0
2025-08-06 10:00:00,23.7,83.0,3,7.9,14.7,30.33,0.0,24.84,28.84,23.9,24.0,1,0,0
2025-08-06 11:00:00,23.9,71.0,3,6.9,12.2,30.34,0.0,24.81,28.85,24.2,23.9,1,0,0
2025-08-06 12:00:00,24.6,75.0,3,6.5,13.7,30.35,0.0,24.83,28.84,24.3,23.9,1,0,0
2025-08-06 13:00:00,25.0,73.0,3,7.2,11.9,30.35,0.0,24.84,28.8,24.5,23.8,1,0,0
2025-08-06 14:00:00,25.1,71.0,3,3.8,10.3,30.35,0.0,24.89,28.74,24.6,23.8,1,0,0
2025-08-06 15:00:00,24.6,71.0,3,3.5,7.3,30.35,0.0,24.92,28.66,24.4,23.8,1,0,0
2025-08-06 16:00:00,23.8,70.0,3,3.7,7.2,30.34,0.0,24.95,28.57,24.2,23.8,1,0,0
2025-08-06 17:00:00,23.2,74.0,4,2.4,6.0,30.33,0.0,24.96,28.59,23.8,23.8,1,0,0
2025-08-06 18:00:00,22.7,78.0,3,3.3,7.7,30.32,0.0,24.81,28.81,23.4,23.8,1,0,0
2025-08-06 19:00:00,21.9,81.0,0,2.3,4.2,30.32,0.0,24.61,29.0,23.2,23.8,0,0,0
2025-08-06 20:00:00,20.7,83.0,3,2.8,4.9,30.32,0.0,24.45,29.23,23.1,23.8,1,0,0
2025-08-06 21:00:00,20.4,83.0,2,5.0,9.0,30.33,0.0,24.01,29.77,22.8,23.8,1,0,0
2025-08-06 22:00:00,20.6,82.0,2,5.1,9.0,30.33,0.0,24.43,28.18,22.7,23.8,1,0,0
2025-08-06 23:00:00,19.8,82.0,0,3.9,8.7,30.35,0.0,24.32,29.11,22.6,23.8,0,0,0
2025-08-07 00:00:00,20.6,74.0,2,5.7,11.9,30.33,0.0,24.23,29.23,22.8,23.7,1,0,0
2025-08-07 01:00:00,21.2,74.0,1,5.6,11.5,30.32,0.0,23.97,29.4,23.1,23.7,1,0,0
2025-08-07 02:00:00,21.4,76.0,3,6.5,13.0,30.29,0.0,24.01,29.33,23.1,23.6,1,0,0
2025-08-07 03:00:00,21.5,79.0,3,5.9,12.7,30.27,0.0,23.9,29.43,23.0,23.6,1,0,0
2025-08-07 04:00:00,21.1,82.0,2,4.5,9.7,30.26,0.0,23.83,29.34,22.6,23.5,1,0,0
2025-08-07 05:00:00,20.9,86.0,1,3.2,7.7,30.26,0.0,23.74,29.31,22.4,23.5,1,0,0
2025-08-07 06:00:00,20.9,86.0,0,4.9,9.3,30.27,0.0,23.54,29.15,22.3,23.5,0,0,0
2025-08-07 07:00:00,20.7,87.0,0,2.3,7.6,30.28,0.0,23.5,29.0,22.6,23.5,0,0,0
2025-08-07 08:00:00,21.5,86.0,0,5.1,10.2,30.28,0.0,23.53,28.99,22.9,23.5,0,0,0
2025-08-07 09:00:00,22.8,81.0,2,5.0,12.8,30.29,0.0,23.5,29.17,23.2,23.5,1,0,0
2025-08-07 10:00:00,23.4,77.0,3,7.5,14.4,30.29,0.0,23.79,29.0,23.3,23.5,1,0,0
2025-08-07 11:00:00,24.3,74.0,3,8.7,15.4,30.3,0.0,23.98,28.76,23.8,23.5,1,0,0
2025-08-07 12:00:00,24.9,73.0,2,6.5,11.4,30.3,0.0,24.08,28.9,23.8,23.5,1,0,0
2025-08-07 13:00:00,25.6,68.0,3,5.9,13.3,30.29,0.0,24.03,29.14,24.1,23.5,1,0,0
2025-08-07 14:00:00,25.7,66.0,3,6.5,11.0,30.28,0.0,24.11,29.12,24.1,23.5,1,0,0
2025-08-07 15:00:00,26.1,62.0,3,5.8,9.9,30.27,0.0,24.38,29.04,24.1,23.5,1,0,0
2025-08-07 16:00:00,25.2,62.0,2,7.2,12.3,30.25,0.0,24.68,28.9,23.7,23.5,1,0,0
2025-08-07 17:00:00,24.8,61.0,3,5.7,10.7,30.25,0.0,24.95,28.83,23.7,23.6,1,0,0
2025-08-07 18:00:00,23.8,61.0,3,6.4,10.9,30.24,0.0,24.88,28.64,23.6,23.6,1,0,0
2025-08-07 19:00:00,23.1,66.0,3,3.2,6.4,30.24,0.0,24.69,28.97,23.1,23.7,1,0,0
2025-08-07 20:00:00,21.8,75.0,0,2.5,5.0,30.24,0.0,24.46,29.25,22.6,23.7,0,0,0
2025-08-07 21:00:00,20.3,80.0,0,1.0,2.1,30.24,0.0,24.33,29.52,22.4,23.7,0,0,0
2025-08-07 22:00:00,19.3,84.0,0,1.0,2.7,30.24,0.0,24.38,29.74,22.2,23.7,0,0,0
2025-08-07 23:00:00,18.8,84.0,0,1.3,2.6,30.24,0.0,24.59,29.34,22.2,23.7,0,0,0
2025-08-08 00:00:00,18.2,83.0,0,1.6,4.0,30.24,0.0,24.5,29.13,22.1,23.6,0,0,0
2025-08-08 01:00:00,18.3,86.0,0,1.8,3.0,30.22,0.0,24.57,29.26,22.2,23.6,0,0,0
2025-08-08 02:00:00,18.6,87.0,0,2.3,4.6,30.21,0.0,23.95,29.4,22.3,23.6,0,0,0
2025-08-08 03:00:00,18.9,89.0,0,1.8,3.9,30.2,0.0,24.12,29.31,22.4,23.6,0,0,0
2025-08-08 04:00:00,19.2,86.0,0,2.7,5.0,30.19,0.0,23.93,29.37,22.3,23.6,0,0,0
2025-08-08 05:00:00,19.2,85.0,0,1.6,3.8,30.19,0.0,23.88,29.25,22.4,23.6,0,0,0
2025-08-08 06:00:00,18.6,85.0,0,1.2,2.8,30.2,0.0,23.83,29.26,22.3,23.6,0,0,0
2025-08-08 07:00:00,16.6,87.0,0,1.9,3.0,30.2,0.0,23.58,29.36,22.4,23.5,0,0,0
2025-08-08 08:00:00,20.6,84.0,3,3.2,7.4,30.2,0.0,23.57,29.9,22.9,23.5,1,0,0
2025-08-08 09:00:00,23.1,73.0,3,5.1,9.8,30.21,0.0,23.64,29.16,23.2,23.5,1,0,0
2025-08-08 10:00:00,23.6,71.0,4,4.5,11.0,30.23,0.0,23.69,29.27,23.3,23.4,1,0,0
2025-08-08 11:00:00,24.7,67.0,3,7.4,11.8,30.23,0.0,23.86,29.34,23.8,23.4,1,0,0
2025-08-08 12:00:00,25.0,67.0,3,5.3,9.7,30.24,0.0,24.11,29.27,23.7,23.4,1,0,0
2025-08-08 13:00:00,24.6,65.0,3,6.2,14.2,30.23,0.0,24.24,29.25,24.1,23.4,1,0,0
2025-08-08 14:00:00,25.7,57.0,4,4.8,11.5,30.22,0.0,24.37,29.15,24.4,23.5,1,0,0
2025-08-08 15:00:00,24.8,55.0,3,6.0,12.4,30.2,0.0,24.42,29.22,24.1,23.6,1,0,0
2025-08-08 16:00:00,24.9,55.0,3,4.2,9.7,30.19,0.0,24.67,29.12,23.8,23.6,1,0,0
2025-08-08 17:00:00,25.2,51.0,4,3.8,8.4,30.19,0.0,24.82,29.04,24.0,23.7,1,0,0
2025-08-08 18:00:00,24.1,55.0,3,3.4,10.4,30.19,0.0,24.91,29.01,23.6,23.7,1,0,0
2025-08-08 19:00:00,23.2,55.0,3,4.2,7.1,30.18,0.0,24.91,28.95,23.1,23.8,1,0,0
2025-08-08 20:00:00,21.6,61.0,0,1.3,3.0,30.18,0.0,24.43,29.73,22.7,23.8,0,0,0
2025-08-08 21:00:00,19.6,69.0,0,1.8,3.9,30.18,0.0,24.47,29.29,22.5,23.8,0,0,0
2025-08-08 22:00:00,18.6,74.0,0,1.8,3.4,30.18,0.0,24.11,29.87,22.3,23.8,0,0,0
2025-08-08 23:00:00,18.1,76.0,0,1.3,2.8,30.18,0.0,24.28,29.8,22.2,23.8,0,0,0
2025-08-09 00:00:00,17.7,79.0,0,1.2,2.0,30.17,0.0,24.46,29.44,22.2,23.8,0,0,0
2025-08-09 01:00:00,16.0,81.0,0,2.1,2.9,30.18,0.0,24.32,29.17,21.9,23.7,0,0,0
2025-08-09 02:00:00,14.6,85.0,15,3.9,3.9,30.17,0.0,24.42,29.32,21.9,23.7,0,0,0
2025-08-09 03:00:00,13.9,87.0,15,1.7,3.1,30.17,0.0,24.14,29.26,21.7,23.6,0,0,0
2025-08-09 04:00:00,13.8,89.0,15,2.3,3.7,30.17,0.0,23.75,28.9,18.9,23.6,0,0,0
2025-08-09 05:00:00,13.7,90.0,15,3.5,4.7,30.17,0.0,23.62,28.76,19.4,23.6,0,0,0
2025-08-09 06:00:00,13.6,90.0,15,1.9,3.3,30.19,0.0,23.61,28.7,19.1,23.5,0,0,0
2025-08-09 07:00:00,13.9,91.0,0,3.2,4.4,30.19,0.0,23.44,27.8,19.3,23.5,0,0,0
2025-08-09 08:00:00,16.7,90.0,0,2.7,4.9,30.21,0.0,23.41,28.1,20.1,23.5,0,0,0
2025-08-09 09:00:00,21.4,73.0,0,3.9,9.3,30.19,0.0,23.48,28.79,22.4,23.5,0,0,0
2025-08-09 10:00:00,23.3,58.0,2,5.3,10.4,30.2,0.0,23.51,29.27,22.5,23.4,1,0,0
2025-08-09 11:00:00,24.4,53.0,3,6.3,11.3,30.22,0.0,23.71,29.04,22.7,23.4,1,0,0
2025-08-09 12:00:00,25.2,53.0,2,7.0,11.9,30.22,0.0,24.05,28.52,22.4,23.4,1,0,0
2025-08-09 13:00:00,25.2,49.0,1,5.3,10.8,30.2,0.0,24.37,28.54,22.9,23.5,1,0,0
2025-08-09 14:00:00,25.3,45.0,3,5.5,11.3,30.19,0.0,24.46,28.65,23.3,23.4,1,0,0
2025-08-09 15:00:00,25.1,48.0,2,4.7,9.2,30.17,0.0,24.67,28.37,23.3,23.5,1,0,0
2025-08-09 16:00:00,25.7,49.0,4,2.5,5.1,30.17,0.0,24.75,28.27,23.3,23.7,1,0,0
2025-08-09 17:00:00,25.2,53.0,4,2.7,6.3,30.16,0.0,24.85,28.61,23.4,23.7,1,0,0
2025-08-09 18:00:00,24.5,57.0,3,3.3,6.6,30.16,0.0,24.63,28.76,23.4,23.8,1,0,0
2025-08-09 19:00:00,23.7,63.0,6,1.4,3.1,30.17,0.0,24.76,28.78,23.5,24.0,1,0,0
2025-08-09 20:00:00,22.2,69.0,4,0.9,1.9,30.17,0.0,24.92,28.94,22.7,24.2,1,0,0
2025-08-09 21:00:00,18.8,79.0,6,0.0,0.1,30.19,0.0,24.63,29.44,22.3,24.3,1,0,0
2025-08-09 22:00:00,17.6,84.0,0,0.0,0.3,30.19,0.0,24.56,29.46,22.1,24.3,0,0,0
2025-08-09 23:00:00,16.7,86.0,6,1.4,2.6,30.19,0.0,24.3,29.91,21.9,24.3,1,0,0
2025-08-10 00:00:00,16.6,87.0,0,1.3,2.6,30.19,0.0,24.58,29.38,21.9,24.0,0,0,0
2025-08-10 01:00:00,16.3,89.0,0,2.7,4.3,30.19,0.0,24.34,28.82,20.7,24.1,0,0,0
2025-08-10 02:00:00,16.4,90.0,12,2.4,3.8,30.19,0.0,24.58,28.82,20.1,23.8,0,0,0
2025-08-10 03:00:00,16.2,90.0,14,1.3,2.8,30.19,0.0,24.42,28.51,20.1,23.8,0,0,0
2025-08-10 04:00:00,15.8,91.0,9,2.0,3.0,30.19,0.0,24.21,28.3,19.7,23.7,0,0,0
2025-08-10 05:00:00,15.0,92.0,13,0.9,4.0,30.19,0.0,23.91,27.69,19.6,23.7,0,0,0
2025-08-10 06:00:00,15.1,93.0,14,2.0,4.0,30.2,0.0,23.9,27.52,19.2,23.7,0,0,0
2025-08-10 07:00:00,17.8,94.0,11,0.9,4.0,30.22,0.0,23.74,27.68,18.8,23.7,0,0,0
2025-08-10 08:00:00,18.6,95.0,9,0.9,2.0,30.21,0.0,23.72,28.33,20.1,23.7,0,0,0
2025-08-10 09:00:00,21.1,90.0,12,4.0,8.0,30.22,0.0,23.91,28.71,21.7,23.7,0,0,0
2025-08-10 10:00:00,24.7,65.0,3,2.9,3.0,30.22,0.0,24.13,28.77,23.3,23.7,1,0,0
2025-08-10 11:00:00,28.9,50.0,0,2.0,3.0,30.21,0.0,24.33,28.59,24.1,23.7,0,0,0
2025-08-10 12:00:00,29.3,47.0,5,3.4,6.3,30.21,0.0,24.57,28.77,24.9,23.6,0,0,0
2025-08-10 13:00:00,30.1,46.0,5,3.3,8.0,30.2,0.0,24.67,28.86,24.8,23.7,0,0,0
2025-08-10 14:00:00,31.1,40.0,5,3.1,7.4,30.21,0.0,24.84,28.86,25.0,23.8,0,0,0
2025-08-10 15:00:00,31.7,40.0,8,4.7,7.0,30.21,0.0,25.23,28.82,25.3,24.1,1,0,0
2025-08-10 16:00:00,32.3,31.0,9,7.4,11.4,30.21,0.0,25.3,28.58,25.6,24.5,0,0,0
2025-08-10 17:00:00,30.7,39.0,8,5.1,9.1,30.2,0.0,25.37,28.29,25.4,24.7,1,0,0
2025-08-10 18:00:00,28.7,40.0,9,6.2,9.3,30.2,0.0,25.12,28.45,25.4,25.0,0,0,0
2025-08-10 19:00:00,26.9,48.0,9,6.7,9.5,30.19,0.0,24.86,28.65,24.9,25.0,0,0,0
2025-08-10 20:00:00,24.1,64.0,0,4.9,8.5,30.19,0.0,24.96,28.82,24.2,24.8,0,0,0
2025-08-10 21:00:00,22.3,71.0,0,2.3,3.9,30.19,0.0,25.51,28.88,23.8,24.7,0,0,0
2025-08-10 22:00:00,20.9,78.0,9,2.2,3.6,30.19,0.0,25.15,29.29,23.7,26.6,0,0,0
2025-08-10 23:00:00,19.8,73.0,0,1.9,3.4,30.19,0.0,25.12,29.1,23.6,24.5,0,0,0
2025-08-11 00:00:00,19.1,86.0,0,1.3,3.0,30.19,0.0,24.86,29.39,22.9,24.3,0,0,0
2025-08-11 01:00:00,18.3,88.0,0,1.8,3.0,30.18,0.0,24.87,28.81,22.1,24.2,0,0,0
2025-08-11 02:00:00,18.1,90.0,0,2.1,3.5,30.18,0.0,24.83,28.7,21.2,24.2,0,0,0
2025-08-11 03:00:00,17.9,91.0,0,2.2,4.9,30.16,0.0,24.73,28.68,21.4,24.1,0,0,0
2025-08-11 04:00:00,17.4,91.0,0,3.2,5.9,30.17,0.0,24.67,28.65,21.3,24.0,0,0,0
2025-08-11 05:00:00,17.1,92.0,0,2.4,3.9,30.17,0.0,24.44,28.2,21.0,24.0,0,0,0
2025-08-11 06:00:00,17.0,93.0,0,2.5,4.3,30.19,0.0,24.4,28.34,21.2,24.0,0,0,0
2025-08-11 07:00:00,17.1,93.0,0,1.5,2.9,30.2,0.0,24.32,28.32,20.4,23.9,0,0,0
2025-08-11 08:00:00,19.0,94.0,11,1.2,2.8,30.21,0.0,24.31,28.43,21.3,23.9,0,0,0
2025-08-11 09:00:00,22.3,89.0,10,3.4,5.0,30.21,0.0,24.5,28.74,22.2,23.9,0,0,0
2025-08-11 10:00:00,25.8,68.0,14,1.5,4.0,30.21,0.0,24.55,28.89,23.4,23.9,0,0,0
2025-08-11 11:00:00,29.8,52.0,8,4.3,6.7,30.19,0.0,24.72,28.99,24.9,23.8,1,0,0
2025-08-11 12:00:00,32.1,47.0,8,6.8,8.6,30.19,0.0,24.95,28.85,25.2,23.9,1,0,0
2025-08-11 13:00:00,31.9,41.0,7,4.5,9.4,30.18,0.0,25.14,28.94,24.9,24.0,1,0,0
2025-08-11 14:00:00,32.8,38.0,9,7.1,9.7,30.16,0.0,25.29,28.86,25.4,24.0,0,0,0
2025-08-11 15:00:00,30.3,35.0,8,6.3,11.7,30.15,0.0,25.43,28.83,25.2,24.4,1,0,0
2025-08-11 16:00:00,29.3,41.0,7,5.6,9.8,30.14,0.0,25.51,28.75,25.4,25.0,1,0,0
2025-08-11 17:00:00,28.8,45.0,8,7.6,10.9,30.13,0.0,25.64,28.76,25.6,24.8,1,0,0
2025-08-11 18:00:00,26.8,56.0,9,7.0,10.6,30.12,0.0,25.52,28.88,25.0,25.1,0,0,0
2025-08-11 19:00:00,25.3,62.0,8,7.8,11.1,30.12,0.0,25.53,28.81,24.6,25.2,1,1,0
2025-08-11 20:00:00,23.6,69.0,0,4.8,6.8,30.11,0.0,25.35,28.83,24.1,25.1,0,0,1
2025-08-11 21:00:00,22.1,77.0,0,3.9,6.7,30.12,0.0,25.26,29.04,23.9,25.1,0,0,0
2025-08-11 22:00:00,21.6,83.0,0,3.6,5.1,30.12,0.0,25.7,29.08,23.8,24.9,0,0,0
2025-08-11 23:00:00,20.9,85.0,0,1.9,3.5,30.11,0.0,25.4,29.27,23.8,24.7,0,0,0
2025-08-12 00:00:00,20.2,87.0,0,1.6,2.9,30.11,0.0,25.25,29.18,24.0,24.5,0,0,0
2025-08-12 01:00:00,19.4,89.0,0,2.1,4.2,30.1,0.0,24.87,29.39,23.2,24.4,0,0,0
2025-08-12 02:00:00,19.1,90.0,0,2.5,4.3,30.08,0.0,24.75,28.87,23.3,24.3,0,0,0
2025-08-12 03:00:00,18.8,90.0,0,1.7,3.8,30.07,0.0,24.84,28.77,23.3,24.2,0,0,0
2025-08-12 04:00:00,18.4,91.0,0,1.5,3.2,30.06,0.0,24.81,28.64,22.7,24.2,0,0,0
2025-08-12 05:00:00,18.6,92.0,0,2.1,3.3,30.07,0.0,25.0,28.67,22.4,24.2,0,0,0
2025-08-12 06:00:00,18.7,93.0,0,1.0,1.9,30.07,0.0,24.8,28.26,21.9,24.2,0,0,0
2025-08-12 07:00:00,18.8,94.0,0,1.7,3.5,30.08,0.0,24.78,28.23,21.3,24.2,0,0,0
2025-08-12 08:00:00,19.9,95.0,0,1.9,4.3,30.08,0.0,24.75,28.4,21.0,24.2,0,0,0
2025-08-12 09:00:00,21.8,95.0,12,2.5,4.0,30.08,0.0,24.87,28.66,21.9,24.1,0,0,0
2025-08-12 10:00:00,25.1,93.0,10,2.0,3.9,30.07,0.0,24.94,28.94,23.3,24.1,0,0,0
2025-08-12 11:00:00,31.2,61.0,11,3.6,5.2,30.05,0.0,25.02,29.12,24.8,24.1,0,0,0
2025-08-12 12:00:00,33.3,57.0,9,7.3,10.8,30.03,0.0,25.4,29.05,25.9,24.1,0,0,0
2025-08-12 13:00:00,31.2,62.0,8,8.5,12.4,30.02,0.0,25.38,29.5,25.4,24.2,1,0,0
2025-08-12 14:00:00,30.5,64.0,8,10.0,16.3,30.0,0.0,26.07,29.13,25.9,24.3,1,0,0
2025-08-12 15:00:00,30.0,66.0,8,9.7,14.7,29.99,0.0,26.06,29.07,26.0,24.5,1,0,0
2025-08-12 16:00:00,30.1,66.0,9,10.7,16.4,29.98,0.0,26.0,29.14,26.0,24.8,0,0,0
2025-08-12 17:00:00,28.9,70.0,9,7.6,13.8,29.98,0.0,25.94,29.06,26.0,24.8,0,0,0
2025-08-12 18:00:00,28.1,72.0,8,10.4,17.3,29.96,0.0,25.9,29.98,25.9,24.7,1,0,0
2025-08-12 19:00:00,27.2,73.0,9,9.7,14.4,29.95,0.0,25.95,29.15,25.8,24.7,0,0,0
2025-08-12 20:00:00,25.3,81.0,9,8.2,12.0,29.96,0.0,25.97,29.44,25.4,24.6,0,0,0
2025-08-12 21:00:00,24.3,86.0,8,7.6,10.5,29.96,0.0,25.74,29.42,25.3,24.5,1,0,0
2025-08-12 22:00:00,23.7,89.0,9,4.5,7.1,29.96,0.0,25.86,29.34,25.3,24.5,0,0,0
2025-08-12 23:00:00,23.3,91.0,9,2.7,5.2,29.95,0.0,26.19,29.51,25.2,24.5,0,0,0
2025-08-13 00:00:00,22.9,92.0,0,3.0,5.5,29.93,0.0,25.86,29.53,25.3,24.4,0,0,0
2025-08-13 01:00:00,22.7,93.0,0,2.2,4.2,29.93,0.0,25.66,29.39,25.4,24.3,0,0,0
2025-08-13 02:00:00,22.2,93.0,0,2.3,3.8,29.92,0.0,25.4,29.16,25.0,24.3,0,0,0
2025-08-13 03:00:00,21.9,94.0,0,1.1,2.0,29.92,0.0,25.58,29.11,25.0,24.3,0,0,0
2025-08-13 04:00:00,21.8,94.0,0,1.1,2.3,29.91,0.0,25.57,28.78,24.8,24.2,0,0,0
2025-08-13 05:00:00,21.7,94.0,0,1.6,2.9,29.9,0.0,25.62,28.81,24.8,24.2,0,0,0
2025-08-13 06:00:00,21.3,94.0,0,1.7,2.6,29.91,0.0,25.54,28.28,24.9,24.2,0,0,0
2025-08-13 07:00:00,21.8,95.0,0,2.2,3.6,29.91,0.0,25.47,28.0,24.8,24.2,0,0,0
2025-08-13 08:00:00,23.8,96.0,8,2.9,5.1,29.91,0.0,25.7,27.75,24.6,24.2,1,0,0
2025-08-13 09:00:00,24.7,96.0,9,6.3,9.9,29.91,0.0,25.55,28.57,25.0,24.2,0,0,0
2025-08-13 10:00:00,26.7,88.0,9,7.7,11.8,29.91,0.0,25.59,29.12,25.7,24.3,0,0,0
2025-08-13 11:00:00,29.8,73.0,9,9.2,13.3,29.91,0.0,25.69,29.28,26.7,24.3,0,0,0
2025-08-13 12:00:00,29.5,72.0,9,7.7,12.4,29.9,0.0,25.92,29.43,26.7,24.3,0,0,0
2025-08-13 13:00:00,30.4,71.0,9,7.4,11.0,29.88,0.0,26.13,29.38,26.8,24.3,0,0,0
2025-08-13 14:00:00,30.9,69.0,8,8.9,12.8,29.85,0.0,26.02,29.96,26.9,24.3,1,0,0
2025-08-13 15:00:00,30.4,71.0,9,11.1,17.7,29.83,0.0,26.59,29.49,27.1,24.4,0,0,0
2025-08-13 16:00:00,31.3,71.0,9,7.7,15.3,29.81,0.0,26.57,29.42,27.0,24.4,0,0,0
2025-08-13 17:00:00,29.2,77.0,8,9.7,15.0,29.8,0.0,26.43,29.52,26.9,24.5,1,0,0
2025-08-13 18:00:00,27.3,82.0,9,9.6,14.1,29.82,0.0,26.48,29.41,26.3,24.6,0,0,0
2025-08-13 19:00:00,26.2,75.0,8,8.9,12.5,29.8,0.0,26.49,29.3,25.8,24.7,1,0,0
2025-08-13 20:00:00,25.7,88.0,9,4.8,9.9,29.83,0.0,26.39,29.37,26.2,24.8,0,0,0
2025-08-13 21:00:00,23.7,90.0,0,3.7,6.6,29.84,0.14,26.37,29.44,24.7,24.7,0,0,0
2025-08-13 22:00:00,23.1,92.0,0,1.2,3.0,29.93,0.0,26.42,29.44,24.8,24.7,0,0,0
2025-08-13 23:00:00,23.1,93.0,0,1.4,3.4,29.82,0.01,26.14,29.68,24.3,24.7,0,0,0
2025-08-14 00:00:00,23.1,93.0,7,0.7,2.1,29.83,0.02,26.2,29.78,24.3,24.6,1,0,0
2025-08-14 01:00:00,22.8,94.0,7,0.1,0.6,29.82,0.0,26.26,29.66,25.0,24.6,1,0,0
2025-08-14 02:00:00,22.8,94.0,9,0.5,1.4,29.82,0.0,26.12,29.54,25.0,24.7,0,0,0
2025-08-14 03:00:00,22.7,94.0,7,0.0,0.3,29.8,0.0,26.06,29.54,24.8,24.7,1,0,0
2025-08-14 04:00:00,22.5,94.0,9,0.1,0.3,29.8,0.0,26.16,29.13,24.9,24.8,0,0,0
2025-08-14 05:00:00,22.5,95.0,1,1.2,1.9,29.81,0.0,26.46,28.78,25.0,24.7,1,0,0
2025-08-14 06:00:00,22.2,95.0,0,0.7,1.5,29.82,0.0,26.33,28.97,24.9,24.7,0,0,0
2025-08-14 07:00:00,22.1,95.0,0,1.1,3.0,29.83,0.0,26.18,28.4,25.1,24.7,0,0,0
2025-08-14 08:00:00,23.1,96.0,15,0.5,1.6,29.83,0.0,26.43,28.06,24.8,24.7,0,0,0
2025-08-14 09:00:00,25.3,96.0,14,1.0,2.4,29.95,0.01,26.44,28.0,25.3,24.7,0,0,0
2025-08-14 10:00:00,26.4,92.0,1,2.0,4.1,29.96,0.0,26.19,28.86,25.7,24.6,1,0,0
2025-08-14 11:00:00,30.5,74.0,9,1.6,3.3,29.86,0.0,26.26,29.17,26.4,24.7,0,0,0
2025-08-14 12:00:00,31.6,69.0,11,1.6,2.6,29.87,0.0,26.37,29.45,27.8,24.7,0,0,0
2025-08-14 13:00:00,30.3,74.0,6,3.2,6.6,29.88,0.0,26.29,29.6,27.6,24.9,1,0,0
2025-08-14 14:00:00,28.8,79.0,3,4.1,8.9,29.89,0.02,26.21,29.67,27.4,25.1,1,0,0
2025-08-14 15:00:00,25.8,90.0,0,1.6,2.8,29.89,0.54,26.57,29.87,26.2,25.4,0,0,0
2025-08-14 16:00:00,25.4,92.0,9,2.1,3.9,29.86,0.03,26.66,29.61,25.8,25.5,0,0,0
2025-08-14 17:00:00,25.1,92.0,9,2.6,4.1,29.89,0.0,26.75,29.4,25.8,25.8,0,0,0
2025-08-14 18:00:00,24.9,92.0,8,1.2,2.7,29.89,0.0,27.02,29.24,25.8,26.2,1,0,0
2025-08-14 19:00:00,24.4,92.0,10,1.9,3.0,29.91,0.0,27.13,28.77,26.3,25.8,0,0,0
2025-08-14 20:00:00,24.3,93.0,10,3.0,4.7,29.91,0.0,27.11,28.4,26.4,25.7,0,0,0
2025-08-14 21:00:00,23.6,93.0,12,1.4,2.6,29.94,0.0,27.14,28.19,25.4,25.5,0,0,0
2025-08-14 22:00:00,22.7,93.0,11,2.1,3.1,29.96,0.0,27.21,27.98,25.3,25.5,0,0,0
2025-08-14 23:00:00,22.1,93.0,12,2.1,2.9,29.95,0.0,26.75,28.44,25.3,25.3,0,0,0
2025-08-15 00:00:00,22.0,94.0,14,2.9,4.4,29.96,0.0,26.32,29.12,24.6,25.2,0,0,0
2025-08-15 01:00:00,22.0,94.0,14,3.0,5.0,29.96,0.0,26.21,29.42,24.2,25.2,0,0,0
2025-08-15 02:00:00,22.1,95.0,15,2.3,3.6,29.96,0.0,26.3,28.89,24.4,25.4,0,0,0
2025-08-15 03:00:00,22.2,95.0,15,2.9,4.4,29.97,0.0,26.15,29.05,24.9,25.4,0,0,0
2025-08-15 04:00:00,21.9,95.0,15,1.5,2.8,29.97,0.0,26.11,29.12,25.2,25.2,0,0,0
2025-08-15 05:00:00,21.9,95.0,0,2.0,4.0,29.98,0.0,26.04,28.79,25.3,25.2,0,0,0
2025-08-15 06:00:00,22.2,59.0,1,3.5,5.6,30.01,0.0,25.9,29.16,25.8,25.2,1,0,0
2025-08-15 07:00:00,22.8,95.0,2,4.5,7.5,30.02,0.0,25.99,28.88,25.8,25.2,1,0,0
2025-08-15 08:00:00,24.2,93.0,2,6.6,11.7,30.05,0.0,26.3,28.3,25.7,25.1,1,0,0
2025-08-15 09:00:00,25.1,88.0,3,5.1,9.3,30.06,0.0,26.38,28.27,25.8,25.1,1,0,0
2025-08-15 10:00:00,25.9,83.0,3,7.1,10.7,30.07,0.0,26.5,28.21,25.8,25.1,1,0,0
2025-08-15 11:00:00,21.2,78.0,2,5.2,12.5,30.09,0.0,26.48,28.47,25.6,25.1,1,0,0
2025-08-15 12:00:00,27.2,75.0,2,6.9,12.2,30.09,0.0,26.41,28.92,25.4,25.1,1,0,0
2025-08-15 13:00:00,27.3,74.0,2,7.3,13.6,30.09,0.0,26.32,29.27,25.3,25.1,1,0,0
2025-08-15 14:00:00,27.1,76.0,3,7.5,12.9,30.09,0.0,26.65,29.1,25.4,25.1,1,0,0
2025-08-15 15:00:00,26.7,76.0,2,6.6,12.4,30.09,0.0,26.84,29.18,25.4,25.1,1,0,0
2025-08-15 16:00:00,26.8,78.0,3,6.2,11.7,30.09,0.0,26.52,29.72,25.4,25.1,1,0,0
2025-08-15 17:00:00,26.4,78.0,3,5.4,11.3,30.09,0.0,27.08,29.75,25.6,25.1,1,0,0
2025-08-15 18:00:00,26.2,80.0,4,3.0,8.1,30.09,0.0,27.08,29.48,25.5,25.1,1,0,0
2025-08-15 19:00:00,25.2,83.0,3,3.8,7.5,30.09,0.0,27.15,29.37,25.0,25.2,1,0,0
2025-08-15 20:00:00,24.2,87.0,4,2.1,5.0,30.09,0.0,26.97,29.42,24.7,25.6,1,0,0
2025-08-15 21:00:00,23.4,89.0,4,1.7,3.7,30.1,0.0,26.91,29.28,24.7,25.3,1,0,0
2025-08-15 22:00:00,23.2,90.0,5,0.7,2.3,30.1,0.0,26.82,28.78,24.7,25.3,0,0,0
2025-08-15 23:00:00,23.1,91.0,6,1.6,3.7,30.11,0.0,26.63,28.73,24.7,25.3,1,0,0
2025-08-16 00:00:00,23.1,92.0,7,1.3,3.7,30.1,0.0,26.15,29.55,24.7,25.2,1,0,0
2025-08-16 01:00:00,23.1,92.0,5,1.7,3.9,30.1,0.0,26.15,29.72,24.8,25.2,0,0,0
2025-08-16 02:00:00,23.2,91.0,4,0.6,1.5,30.09,0.0,26.29,29.61,24.9,25.1,1,0,0
2025-08-16 03:00:00,23.3,90.0,5,1.3,3.8,30.1,0.0,26.33,29.75,24.8,25.1,0,0,0
2025-08-16 04:00:00,23.4,88.0,6,0.6,1.8,30.1,0.0,26.16,29.7,24.8,25.1,1,0,0
2025-08-16 05:00:00,23.2,88.0,3,0.9,2.0,30.1,0.0,26.06,29.72,24.6,25.1,1,0,0
2025-08-16 06:00:00,22.9,89.0,3,1.2,2.0,30.11,0.0,26.1,29.41,24.7,25.0,1,0,0
2025-08-16 07:00:00,22.8,89.0,3,1.1,2.4,30.11,0.0,26.3,29.12,24.7,25.0,1,0,0
2025-08-16 08:00:00,23.4,89.0,3,0.4,1.3,30.11,0.0,26.22,29.04,24.9,24.9,1,0,0
2025-08-16 09:00:00,25.7,79.0,6,1.9,5.9,30.11,0.0,26.26,29.2,25.6,24.9,1,0,0
2025-08-16 10:00:00,27.3,73.0,4,2.7,4.4,30.1,0.0,26.44,28.99,26.1,24.8,1,0,0
2025-08-16 11:00:00,26.6,75.0,4,3.1,7.6,30.1,0.0,26.56,28.98,26.0,24.8,1,0,0
2025-08-16 12:00:00,27.2,72.0,3,2.3,4.2,30.11,0.0,26.59,28.19,26.4,24.8,1,0,0
2025-08-16 13:00:00,27.5,71.0,4,3.0,6.3,30.09,0.0,26.53,29.37,26.1,24.8,1,0,0
2025-08-16 14:00:00,27.0,92.0,5,3.0,6.6,30.09,0.0,26.52,29.71,26.1,24.9,0,0,0
2025-08-16 15:00:00,28.8,67.0,5,3.3,6.8,30.06,0.0,26.86,29.62,26.3,25.0,0,0,0
2025-08-16 16:00:00,29.3,65.0,7,3.7,8.5,30.04,0.0,26.39,30.16,26.3,25.0,1,0,0
2025-08-16 17:00:00,28.4,67.0,5,3.6,8.6,30.03,0.0,26.96,30.14,26.1,25.1,0,0,0
2025-08-16 18:00:00,28.0,66.0,7,4.7,8.8,30.03,0.0,27.07,29.92,25.9,25.5,1,0,0
2025-08-16 19:00:00,26.3,73.0,7,4.2,6.8,30.02,0.0,26.79,29.95,25.5,25.8,1,0,0
2025-08-16 20:00:00,24.8,79.0,8,1.6,4.5,30.02,0.0,26.84,29.76,24.9,26.0,1,0,0
2025-08-16 21:00:00,23.6,82.0,8,2.5,4.9,30.2,0.0,26.95,29.69,24.6,26.1,1,0,0
2025-08-16 22:00:00,23.2,85.0,9,2.3,4.3,30.01,0.0,26.9,29.74,24.6,25.7,0,0,0
2025-08-16 23:00:00,22.7,87.0,8,4.7,6.5,29.99,0.0,26.62,29.2,24.4,25.6,1,0,0
2025-08-17 00:00:00,22.3,89.0,10,2.6,4.8,29.98,0.0,26.46,29.3,24.5,25.4,0,0,0
2025-08-17 01:00:00,21.8,90.0,8,2.7,4.2,29.98,0.0,26.43,29.36,24.5,25.4,1,0,0
2025-08-17 02:00:00,21.2,91.0,10,0.4,1.7,29.97,0.0,26.28,29.39,24.6,25.2,0,0,0
2025-08-17 03:00:00,21.1,92.0,10,2.8,5.4,29.97,0.0,26.05,29.73,24.8,25.1,0,0,0
2025-08-17 04:00:00,20.8,93.0,10,2.4,4.3,29.96,0.0,26.17,29.32,24.0,25.1,0,0,0
2025-08-17 05:00:00,20.9,94.0,9,2.7,4.9,29.95,0.0,26.09,29.45,30.4,25.0,0,0,0
2025-08-17 06:00:00,20.9,94.0,9,3.4,5.2,29.95,0.0,26.02,29.46,24.0,25.0,0,0,0
2025-08-17 07:00:00,20.9,95.0,8,1.8,3.4,29.94,0.0,26.17,29.55,24.8,25.1,1,0,0
2025-08-17 08:00:00,22.3,95.0,9,4.1,6.6,29.93,0.0,26.39,29.22,24.8,25.0,0,0,0
2025-08-17 09:00:00,24.6,89.0,9,5.1,8.9,29.92,0.0,26.51,28.99,25.4,25.0,0,0,0
2025-08-17 10:00:00,28.8,71.0,8,7.2,11.6,29.91,0.0,26.75,28.63,26.5,25.0,1,0,0
2025-08-17 11:00:00,31.7,62.0,9,7.5,11.1,29.91,0.0,26.93,28.59,27.2,25.0,0,0,0
2025-08-17 12:00:00,33.6,57.0,9,9.2,14.0,29.89,0.0,27.15,28.73,28.1,25.0,0,0,0
2025-08-17 13:00:00,35.3,53.0,9,6.1,10.7,29.87,0.0,27.23,29.08,27.6,25.0,0,0,0
2025-08-17 14:00:00,32.7,60.0,8,11.5,18.4,29.85,0.0,27.17,29.51,27.9,25.0,1,0,0
2025-08-17 15:00:00,33.2,56.0,9,10.5,17.5,29.83,0.0,27.05,29.7,28.1,25.1,0,0,0
2025-08-17 16:00:00,32.2,59.0,8,12.2,18.4,29.82,0.0,27.09,29.89,27.7,25.2,1,0,0
2025-08-17 17:00:00,30.7,65.0,9,12.5,18.5,29.81,0.0,26.49,30.34,27.4,25.2,0,0,0
2025-08-17 18:00:00,29.3,68.0,9,10.6,17.9,29.81,0.0,26.92,30.15,27.3,25.3,0,0,0
2025-08-17 19:00:00,27.6,75.0,9,8.4,13.7,29.8,0.0,26.65,30.06,27.2,25.3,0,0,0
2025-08-17 20:00:00,25.6,80.0,12,0.6,6.9,29.74,0.07,27.12,29.69,27.0,25.4,0,0,0
2025-08-17 21:00:00,23.9,88.0,9,0.8,3.2,29.83,0.08,27.22,29.53,25.4,25.4,0,0,0
2025-08-17 22:00:00,23.4,91.0,8,2.0,2.6,29.74,0.01,27.26,29.67,26.1,25.3,1,0,0
2025-08-17 23:00:00,23.3,92.0,10,2.4,3.2,29.85,0.01,27.11,29.49,25.8,25.3,0,0,0
2025-08-18 00:00:00,23.2,93.0,11,3.0,4.5,29.86,0.0,27.04,28.82,26.2,25.2,0,0,0
2025-08-18 01:00:00,22.8,93.0,13,0.2,1.0,29.75,0.01,27.02,28.54,24.9,25.2,0,0,0
2025-08-18 02:00:00,22.6,93.0,1,2.1,3.0,29.84,0.0,26.93,28.49,25.3,25.1,1,0,0
2025-08-18 03:00:00,22.6,94.0,2,0.4,1.1,29.75,0.0,26.74,29.03,25.5,25.1,1,0,0
2025-08-18 04:00:00,22.4,94.0,15,1.8,4.7,29.87,0.0,26.56,29.36,25.3,25.1,0,0,0
2025-08-18 05:00:00,22.6,94.0,2,4.7,11.0,29.88,0.0,26.36,29.46,24.8,25.1,1,0,0
2025-08-18 06:00:00,21.8,92.0,2,6.6,11.5,29.91,0.0,26.21,29.72,24.1,25.1,1,0,0
2025-08-18 07:00:00,21.8,91.0,3,12.0,18.4,29.95,0.0,26.24,29.31,23.6,25.1,1,0,0
2025-08-18 08:00:00,21.8,89.0,3,12.1,19.4,29.98,0.0,26.29,28.9,23.2,25.1,1,0,0
2025-08-18 09:00:00,20.8,91.0,2,8.7,14.1,30.0,0.0,26.26,28.76,22.3,25.1,1,0,0
2025-08-18 10:00:00,19.8,93.0,2,8.9,8.9,30.02,0.0,26.13,28.89,21.8,25.1,1,0,0
2025-08-18 11:00:00,19.4,93.0,3,9.3,14.1,30.06,0.0,26.0,28.99,21.8,24.9,1,0,0
2025-08-18 12:00:00,20.1,85.0,2,7.1,14.0,30.06,0.0,25.83,28.89,21.8,24.6,1,0,0
2025-08-18 13:00:00,20.2,84.0,2,8.9,18.5,30.08,0.0,25.25,29.04,21.6,24.5,1,0,0
2025-08-18 14:00:00,19.8,85.0,3,8.2,16.2,30.08,0.01,24.88,29.43,21.3,24.3,1,0,0
2025-08-18 15:00:00,19.8,84.0,3,8.7,14.6,30.08,0.0,23.45,30.5,20.7,24.1,1,0,0
2025-08-18 16:00:00,19.8,84.0,2,8.6,14.7,30.09,0.0,21.54,31.23,21.1,23.7,1,0,0
2025-08-18 17:00:00,19.6,85.0,2,6.8,12.9,30.09,0.0,21.43,31.25,21.2,23.3,1,0,0
2025-08-18 18:00:00,20.1,82.0,3,5.6,12.9,30.1,0.0,21.33,31.27,21.3,23.5,1,0,0
2025-08-18 19:00:00,20.0,80.0,3,7.1,12.4,30.0,0.1,21.33,31.25,21.3,23.5,1,0,0
2025-08-18 20:00:00,20.0,80.0,3,3.6,7.5,30.11,0.0,21.59,31.13,21.4,23.9,1,0,0
2025-08-18 21:00:00,19.9,95.0,3,3.9,8.4,30.12,0.0,21.31,31.25,21.4,23.8,1,0,0
2025-08-18 22:00:00,19.9,74.0,3,5.4,9.9,30.12,0.0,22.34,30.7,21.4,23.8,1,0,0
2025-08-18 23:00:00,19.8,75.0,4,2.9,7.0,30.13,0.0,23.0,30.37,21.5,23.7,1,0,0
2025-08-19 00:00:00,19.9,74.0,5,3.7,8.3,30.13,0.0,22.63,30.49,21.6,23.7,0,0,0
2025-08-19 01:00:00,20.1,72.0,5,3.8,7.4,30.12,0.0,21.58,30.94,21.7,23.6,0,0,0
2025-08-19 02:00:00,20.0,71.0,3,3.1,7.6,30.11,0.0,21.68,30.7,21.8,23.6,1,0,0
2025-08-19 03:00:00,20.0,69.0,4,3.7,8.1,30.11,0.0,21.78,30.54,21.9,23.5,1,0,0
2025-08-19 04:00:00,20.0,64.0,4,4.6,9.6,30.11,0.0,21.48,30.71,22.1,23.5,1,0,0
2025-08-19 05:00:00,19.3,63.0,3,5.6,11.9,30.11,0.0,21.39,30.68,21.9,23.5,1,0,0
2025-08-19 06:00:00,20.2,65.0,3,4.6,9.5,30.11,0.0,21.48,30.75,21.8,23.4,1,0,0
2025-08-19 07:00:00,20.1,63.0,3,5.5,11.6,30.12,0.0,21.39,30.84,21.8,23.4,1,0,0
2025-08-19 08:00:00,20.6,62.0,3,7.2,13.3,30.13,0.0,21.6,30.71,21.9,23.4,1,0,0
2025-08-19 09:00:00,20.7,66.0,3,7.6,13.4,30.15,0.0,21.91,30.58,21.8,23.4,1,0,0
2025-08-19 10:00:00,21.4,65.0,3,6.1,12.9,30.15,0.0,21.81,30.57,22.1,23.3,1,0,0
2025-08-19 11:00:00,21.8,68.0,3,4.5,8.6,30.16,0.0,21.68,30.47,22.0,23.3,1,0,0
2025-08-19 12:00:00,22.3,68.0,3,4.5,8.0,30.15,0.0,21.96,30.21,22.3,23.3,1,0,0
2025-08-19 13:00:00,22.3,67.0,3,6.7,14.3,30.15,0.0,22.14,30.17,22.2,23.3,1,0,0
2025-08-19 14:00:00,23.1,65.0,4,4.5,10.3,30.13,0.0,21.85,30.51,22.4,23.3,1,0,0
2025-08-19 15:00:00,22.7,66.0,4,5.3,11.0,30.13,0.0,22.05,30.43,22.3,23.2,1,0,0
2025-08-19 16:00:00,22.9,66.0,4,4.1,11.0,30.11,0.0,22.27,30.03,22.3,23.3,1,0,0
2025-08-19 17:00:00,22.2,67.0,3,5.6,10.0,30.11,0.0,21.98,30.15,22.3,23.3,1,0,0
2025-08-19 18:00:00,21.8,69.0,3,4.1,8.1,30.09,0.0,22.29,30.88,22.1,23.3,1,0,0
2025-08-19 19:00:00,21.7,70.0,3,3.8,8.6,30.09,0.0,22.56,30.89,22.1,23.3,1,0,0
2025-08-19 20:00:00,21.1,74.0,4,3.7,7.9,30.08,0.0,22.69,31.11,22.0,23.2,1,0,0
2025-08-19 21:00:00,20.8,76.0,4,3.2,8.7,30.08,0.0,22.47,30.59,22.2,23.2,1,0,0
2025-08-19 22:00:00,21.0,75.0,4,2.8,8.0,30.08,0.0,22.05,30.49,22.3,23.2,1,0,0
2025-08-19 23:00:00,21.1,76.0,3,3.0,5.7,30.08,0.0,22.11,30.3,22.4,23.2,1,0,0
2025-08-20 00:00:00,20.9,80.0,6,3.3,6.7,30.06,0.0,22.26,30.46,21.8,23.2,1,0,0
2025-08-20 01:00:00,20.2,84.0,4,2.2,5.5,30.08,0.0,22.32,30.83,21.9,23.2,1,0,0
2025-08-20 02:00:00,20.4,86.0,6,2.3,6.5,30.03,0.0,22.24,30.75,21.4,23.2,1,0,0
2025-08-20 03:00:00,20.2,88.0,5,2.0,6.1,30.02,0.0,22.1,30.51,26.2,23.2,0,0,0
2025-08-20 04:00:00,19.3,91.0,3,2.9,7.0,30.02,0.04,22.06,30.5,20.6,23.2,1,0,0
2025-08-20 05:00:00,18.8,92.0,3,2.5,6.5,30.01,0.03,22.01,30.46,20.3,23.2,1,0,0
2025-08-20 06:00:00,18.8,93.0,3,4.2,8.8,30.01,0.07,21.96,30.43,20.2,23.1,1,0,0
2025-08-20 07:00:00,18.9,94.0,4,3.5,8.1,30.01,0.01,21.96,30.44,20.6,23.1,1,0,0
2025-08-20 08:00:00,19.4,95.0,3,3.4,7.8,29.99,0.02,21.99,30.49,20.9,23.1,1,0,0
2025-08-20 09:00:00,19.7,95.0,3,5.4,11.1,29.98,0.01,21.93,30.54,21.3,23.1,1,0,0
2025-08-20 10:00:00,20.2,95.0,4,5.1,10.0,29.98,0.0,21.93,30.5,21.7,23.0,1,0,0
2025-08-20 11:00:00,20.3,95.0,3,5.1,11.3,29.98,0.0,21.94,30.5,21.9,23.1,1,0,0
2025-08-20 12:00:00,20.6,95.0,4,2.8,7.9,29.97,0.01,21.96,30.58,22.3,23.1,1,0,0
2025-08-20 13:00:00,21.1,94.0,4,4.7,10.4,29.95,0.0,22.0,30.57,22.8,23.1,1,0,0
2025-08-20 14:00:00,21.7,94.0,4,3.6,8.0,29.93,0.0,22.06,30.6,22.9,23.1,1,0,0
2025-08-20 15:00:00,21.8,94.0,4,2.8,6.6,29.93,0.02,22.07,30.52,23.4,23.1,1,0,0
2025-08-20 16:00:00,22.2,94.0,4,4.2,8.2,29.91,0.01,22.14,30.3,24.2,23.1,1,0,0
2025-08-20 17:00:00,22.8,94.0,5,3.6,7.1,29.91,0.0,22.25,30.11,24.2,23.1,0,0,0
2025-08-20 18:00:00,22.8,94.0,3,3.0,6.4,29.89,0.0,22.31,30.58,23.8,22.9,1,0,0
2025-08-20 19:00:00,22.7,94.0,2,3.4,6.8,29.9,0.0,22.9,31.24,23.8,22.7,1,0,0
2025-08-20 20:00:00,22.3,94.0,1,4.1,8.7,29.9,0.0,22.96,31.26,23.7,22.7,1,0,0
2025-08-20 21:00:00,21.2,95.0,2,4.3,9.6,29.92,0.0,22.93,31.26,22.7,22.8,1,0,0
2025-08-20 22:00:00,21.2,95.0,2,7.4,12.8,29.91,0.01,22.84,31.2,22.6,22.8,1,0,0
2025-08-20 23:00:00,20.9,95.0,0,6.3,11.4,29.91,0.0,22.69,30.63,22.6,22.7,0,0,0
2025-08-21 00:00:00,19.9,95.0,1,8.1,13.3,29.9,0.0,22.72,31.11,21.6,22.7,1,0,0
2025-08-21 01:00:00,19.3,95.0,1,9.2,18.1,29.89,0.01,22.62,31.05,21.4,22.7,1,0,0
2025-08-21 02:00:00,19.3,96.0,2,7.0,16.7,29.88,0.0,22.48,30.93,21.7,22.6,1,0,0
2025-08-21 03:00:00,19.9,96.0,1,8.9,15.8,29.86,0.01,22.46,30.93,22.2,22.6,1,0,0
2025-08-21 04:00:00,20.3,96.0,2,9.7,17.2,29.85,0.0,22.36,30.92,22.5,22.7,1,0,0
2025-08-21 05:00:00,20.6,96.0,2,7.9,13.1,29.84,0.01,22.09,30.36,22.1,22.7,1,0,0
2025-08-21 06:00:00,20.3,96.0,2,9.9,18.9,29.84,0.0,21.98,29.78,21.9,22.7,1,0,0
2025-08-21 07:00:00,20.2,95.0,2,10.3,17.8,29.85,0.0,22.05,30.0,22.0,22.7,1,0,0
2025-08-21 08:00:00,19.7,95.0,2,12.4,21.3,29.85,0.01,22.1,30.54,21.3,22.7,1,0,0
2025-08-21 09:00:00,18.6,95.0,2,11.9,21.3,29.86,0.02,22.26,30.69,20.4,22.7,1,0,0
2025-08-21 10:00:00,18.3,95.0,1,10.1,18.1,29.87,0.01,22.25,30.7,20.3,22.6,1,0,0
2025-08-21 11:00:00,18.1,95.0,2,9.7,16.4,29.87,0.01,22.25,30.69,20.4,22.6,1,0,0
2025-08-21 12:00:00,17.8,95.0,1,12.6,19.6,29.86,0.01,22.0,30.5,20.1,22.6,1,0,0
2025-08-21 13:00:00,17.8,94.0,1,10.5,18.8,29.83,0.0,21.66,29.98,19.7,22.6,1,0,0
2025-08-21 14:00:00,18.8,88.0,1,11.1,21.3,29.83,0.0,21.56,29.96,20.4,22.9,1,0,0
2025-08-21 15:00:00,19.3,85.0,1,11.9,20.5,29.82,0.0,21.52,30.0,20.8,22.5,1,0,0
2025-08-21 16:00:00,19.9,83.0,1,9.2,15.7,29.81,0.0,21.41,29.68,21.3,22.5,1,0,0
2025-08-21 17:00:00,20.3,80.0,2,10.7,17.3,29.81,0.0,21.29,29.76,21.4,22.4,1,0,0
2025-08-21 18:00:00,20.8,77.0,1,7.4,14.0,29.81,0.0,21.31,29.63,21.9,22.4,1,0,0
2025-08-21 19:00:00,20.3,77.0,1,7.4,14.8,29.82,0.0,22.02,30.01,21.7,22.3,1,0,0
2025-08-21 20:00:00,20.0,77.0,1,6.4,13.6,29.83,0.0,22.14,30.02,21.6,22.3,1,0,0
2025-08-21 21:00:00,19.8,75.0,2,4.7,9.6,29.85,0.0,22.14,30.06,21.4,22.2,1,0,0
2025-08-21 22:00:00,19.6,74.0,0,4.2,9.0,29.76,0.0,22.08,30.04,21.3,23.3,0,0,0
2025-08-21 23:00:00,18.3,77.0,0,4.6,9.7,29.85,0.0,22.0,30.1,21.3,22.4,0,0,0
2025-08-22 00:00:00,17.1,82.0,15,4.0,6.7,29.86,0.0,21.68,30.16,19.6,22.5,0,0,0
2025-08-22 01:00:00,16.1,85.0,15,3.9,8.0,29.86,0.0,21.82,30.19,18.8,22.5,0,0,0
2025-08-22 02:00:00,15.2,87.0,15,4.3,8.0,29.86,0.0,20.94,29.12,18.4,22.5,0,0,0
2025-08-22 03:00:00,14.7,88.0,15,3.8,8.3,29.88,0.0,20.98,29.57,18.3,22.4,0,0,0
2025-08-22 04:00:00,14.6,87.0,15,4.7,9.2,29.88,0.0,20.72,29.02,17.9,22.4,0,0,0
2025-08-22 05:00:00,14.1,87.0,15,5.7,9.6,29.89,0.0,20.72,29.26,17.1,22.3,0,0,0
2025-08-22 06:00:00,14.3,82.0,15,5.7,10.7,29.91,0.0,20.74,29.47,17.3,22.2,0,0,0
2025-08-22 07:00:00,14.9,79.0,15,6.1,11.7,29.94,0.0,20.62,29.43,17.3,22.1,0,0,0
2025-08-22 08:00:00,16.7,75.0,0,5.4,10.9,29.96,0.0,20.6,29.3,18.2,21.9,0,0,0
2025-08-22 09:00:00,19.1,69.0,0,4.9,10.0,29.98,0.0,20.53,29.19,19.7,21.7,0,0,0
2025-08-22 10:00:00,21.7,57.0,1,4.7,9.6,29.98,0.0,20.69,29.36,20.3,21.7,1,0,0
2025-08-22 11:00:00,23.8,48.0,2,6.0,9.8,30.0,0.0,20.86,29.31,21.1,21.7,1,0,0
2025-08-22 12:00:00,25.2,43.0,2,4.8,10.0,30.0,0.0,20.96,29.55,21.9,21.6,1,0,0
2025-08-22 13:00:00,26.2,39.0,2,6.2,10.6,29.99,0.0,21.33,29.54,22.9,21.5,1,0,0
2025-08-22 14:00:00,26.6,40.0,3,4.9,9.9,30.0,0.0,21.68,29.4,23.7,21.4,1,0,0
2025-08-22 15:00:00,27.3,41.0,3,3.3,8.3,29.99,0.0,21.64,29.21,24.1,21.5,1,0,0
2025-08-22 16:00:00,27.7,36.0,3,4.4,9.3,29.99,0.0,21.66,29.22,24.3,21.6,1,0,0
2025-08-22 17:00:00,27.4,35.0,5,2.6,5.5,29.99,0.0,21.8,29.19,24.8,21.7,0,0,0
2025-08-22 18:00:00,26.9,38.0,8,2.6,5.7,30.0,0.0,21.96,29.26,24.7,21.7,1,0,0
2025-08-22 19:00:00,26.0,45.0,9,1.6,3.2,30.0,0.0,21.95,29.38,24.2,21.8,0,0,0
2025-08-22 20:00:00,22.7,60.0,9,3.0,5.0,30.01,0.0,22.02,29.3,23.0,21.9,0,0,0
2025-08-22 21:00:00,20.1,71.0,9,2.5,5.4,30.03,0.0,21.99,29.59,22.6,22.1,0,0,0
2025-08-22 22:00:00,19.1,75.0,8,3.0,4.5,30.03,0.0,22.18,29.66,22.3,21.8,1,0,0
2025-08-22 23:00:00,18.1,77.0,10,1.5,3.1,30.04,0.0,22.27,29.82,22.2,21.5,0,0,0
2025-08-23 00:00:00,16.9,82.0,10,2.6,4.6,30.04,0.0,21.92,30.05,22.1,21.5,0,0,0
2025-08-23 01:00:00,16.7,83.0,10,3.5,7.3,30.05,0.0,21.32,29.43,21.4,21.5,0,0,0
2025-08-23 02:00:00,15.7,85.0,11,3.5,6.1,30.05,0.0,21.68,29.47,20.2,21.3,0,0,0
2025-08-23 03:00:00,15.6,87.0,10,2.6,4.7,30.04,0.0,21.54,29.94,19.3,21.4,0,0,0
2025-08-23 04:00:00,15.4,87.0,10,2.9,5.2,30.04,0.0,21.55,28.61,19.6,21.4,0,0,0
2025-08-23 05:00:00,15.3,86.0,9,2.8,5.7,30.04,0.0,21.51,28.85,19.5,21.5,0,0,0
2025-08-23 06:00:00,15.1,86.0,11,2.0,3.5,30.05,0.0,21.22,28.58,19.4,21.5,0,0,0
2025-08-23 07:00:00,14.9,86.0,11,2.3,4.1,30.07,0.0,21.29,28.81,19.5,21.4,0,0,0
2025-08-23 08:00:00,16.8,84.0,11,3.4,5.7,30.08,0.0,21.38,28.89,20.3,21.4,0,0,0
2025-08-23 09:00:00,18.8,77.0,10,3.7,7.6,30.08,0.0,21.54,29.4,20.9,21.4,0,0,0
2025-08-23 10:00:00,24.8,63.0,9,3.2,6.3,30.07,0.0,21.58,29.14,21.9,21.4,0,0,0
2025-08-23 11:00:00,28.1,50.0,9,5.5,8.3,30.07,0.0,21.68,29.37,22.6,21.4,0,0,0
2025-08-23 12:00:00,29.4,46.0,10,7.0,13.0,30.06,0.0,21.86,29.56,23.6,21.4,0,0,0
2025-08-23 13:00:00,30.2,44.0,8,6.8,11.0,30.06,0.0,21.94,29.46,24.3,21.4,1,0,0
2025-08-23 14:00:00,30.0,45.0,8,7.8,13.3,30.05,0.0,22.31,29.26,24.0,21.6,1,0,0
2025-08-23 15:00:00,29.2,50.0,8,8.7,14.1,30.04,0.0,22.55,29.13,24.3,21.8,1,0,0
2025-08-23 16:00:00,28.2,20.0,9,12.2,16.0,30.02,0.0,22.57,29.13,23.8,22.3,0,0,0
2025-08-23 17:00:00,26.8,68.0,9,8.8,13.9,30.02,0.0,22.36,29.11,23.7,22.3,0,0,0
2025-08-23 18:00:00,25.1,63.0,9,5.2,12.9,30.01,0.0,22.43,29.05,23.6,22.6,0,0,0
2025-08-23 19:00:00,23.7,68.0,9,4.8,10.2,30.0,0.0,22.6,29.21,23.2,22.6,0,0,0
2025-08-23 20:00:00,21.8,75.0,9,4.3,7.3,30.0,0.0,22.64,29.39,22.7,22.8,0,0,0
2025-08-23 21:00:00,20.9,79.0,9,2.7,6.6,30.01,0.0,22.85,29.43,22.3,22.5,0,0,0
2025-08-23 22:00:00,20.3,71.0,9,4.8,10.8,30.0,0.0,22.7,29.7,22.6,22.5,0,0,0
2025-08-23 23:00:00,20.3,72.0,9,5.6,10.6,29.99,0.0,22.62,29.69,22.5,22.3,0,0,0
2025-08-24 00:00:00,20.2,79.0,8,4.7,7.6,29.99,0.0,22.67,29.9,22.4,22.1,1,0,0
2025-08-24 01:00:00,19.2,82.0,8,0.0,0.4,29.99,0.0,22.47,29.81,22.4,22.2,1,0,0
2025-08-24 02:00:00,18.1,85.0,8,0.6,1.6,29.98,0.0,22.5,29.76,22.5,22.3,1,0,0
2025-08-24 03:00:00,17.6,88.0,8,2.0,3.0,29.97,0.0,22.02,29.15,22.7,22.3,1,0,0
2025-08-24 04:00:00,17.6,90.0,8,1.6,2.7,29.96,0.0,22.11,28.79,22.7,22.3,1,0,0
2025-08-24 05:00:00,17.8,92.0,8,1.5,2.3,29.95,0.0,22.14,28.87,22.7,22.2,1,0,0
2025-08-24 06:00:00,18.2,92.0,8,1.6,2.7,29.95,0.0,22.07,28.78,22.6,22.2,1,0,0
2025-08-24 07:00:00,18.8,93.0,8,1.6,2.9,29.95,0.0,21.97,28.7,22.8,22.2,1,0,0
2025-08-24 08:00:00,20.7,94.0,8,2.3,4.5,29.95,0.0,22.08,28.99,22.8,22.2,1,0,0
2025-08-24 09:00:00,22.3,91.0,8,5.7,8.8,29.95,0.0,22.33,29.43,23.3,22.2,1,0,0
2025-08-24 10:00:00,23.3,84.0,8,6.5,11.4,29.95,0.0,22.33,29.62,23.7,22.2,1,0,0
2025-08-24 11:00:00,27.3,68.0,8,7.6,13.3,29.95,0.0,22.51,29.59,23.9,22.2,1,0,0
2025-08-24 12:00:00,26.8,69.0,9,9.2,13.5,29.94,0.0,22.6,29.7,24.3,22.2,0,0,0
2025-08-24 13:00:00,29.3,59.0,9,8.5,12.8,29.93,0.0,22.86,29.77,24.8,22.3,0,0,0
2025-08-24 14:00:00,28.4,61.0,8,8.5,14.1,29.91,0.0,22.9,29.36,25.0,22.3,1,0,0
2025-08-24 15:00:00,27.3,64.0,7,6.2,13.7,29.89,0.0,23.0,29.1,24.6,22.4,1,0,0
2025-08-24 16:00:00,27.2,65.0,8,7.8,14.0,29.87,0.0,23.08,28.88,24.5,22.4,1,0,0
2025-08-24 17:00:00,26.7,67.0,7,4.7,10.3,29.86,0.0,23.1,29.15,24.4,22.5,1,0,0
2025-08-24 18:00:00,26.4,66.0,9,5.3,8.9,29.85,0.0,23.02,29.15,24.9,22.6,0,0,0
2025-08-24 19:00:00,25.3,71.0,8,2.3,4.3,29.84,0.0,23.02,29.09,24.2,22.6,1,0,0
2025-08-24 20:00:00,23.3,81.0,6,1.6,3.8,29.83,0.0,23.13,29.46,23.4,22.7,1,0,0
2025-08-24 21:00:00,21.8,86.0,9,0.7,2.0,29.83,0.0,23.29,29.59,23.2,22.8,0,0,0
2025-08-24 22:00:00,20.8,88.0,0,0.0,0.5,29.83,0.0,23.4,29.89,23.0,22.7,0,0,0
2025-08-24 23:00:00,20.4,90.0,0,0.0,0.2,29.83,0.0,23.28,29.81,22.9,22.7,0,0,0
2025-08-25 00:00:00,19.4,91.0,0,0.8,1.6,29.8,0.0,23.21,29.95,22.7,22.7,0,0,0
2025-08-25 01:00:00,19.6,92.0,0,0.5,1.0,29.8,0.0,23.22,29.76,22.7,22.6,0,0,0
2025-08-25 02:00:00,19.2,93.0,0,0.8,1.7,29.78,0.0,23.02,29.46,22.6,22.6,0,0,0
2025-08-25 03:00:00,18.1,93.0,0,0.7,2.0,29.78,0.0,22.89,29.1,22.3,22.6,0,0,0
2025-08-25 04:00:00,17.9,93.0,0,1.4,2.0,29.77,0.0,22.77,28.69,21.8,22.6,0,0,0
2025-08-25 05:00:00,17.8,94.0,0,0.5,1.6,29.75,0.0,22.72,28.56,21.7,22.6,0,0,0
2025-08-25 06:00:00,18.1,94.0,0,1.0,1.5,29.77,0.0,22.51,28.44,21.6,22.6,0,0,0
2025-08-25 07:00:00,18.3,95.0,0,1.6,2.7,29.79,0.0,22.53,28.4,21.5,22.6,0,0,0
2025-08-25 08:00:00,19.2,95.0,0,0.5,1.4,29.78,0.0,22.61,28.96,21.7,22.6,0,0,0
2025-08-25 09:00:00,21.7,95.0,12,4.4,6.9,29.79,0.0,22.84,29.3,22.1,22.6,0,0,0
2025-08-25 10:00:00,24.9,84.0,12,7.1,10.2,29.79,0.0,23.05,29.31,23.6,22.6,0,0,0
2025-08-25 11:00:00,26.7,73.0,13,4.8,12.2,29.79,0.0,23.28,29.17,24.7,22.6,0,0,0
2025-08-25 12:00:00,28.1,64.0,13,5.7,1.9,29.79,0.0,23.32,29.6,25.5,22.6,0,0,0
2025-08-25 13:00:00,30.3,43.0,12,5.8,11.1,29.78,0.0,23.65,29.57,27.1,22.7,0,0,0
2025-08-25 14:00:00,32.4,38.0,12,6.0,11.4,29.78,0.0,23.96,29.24,28.2,22.8,0,0,0
2025-08-25 15:00:00,32.3,39.0,10,6.8,9.8,29.77,0.0,24.29,28.94,27.0,22.9,0,0,0
2025-08-25 16:00:00,30.8,39.0,13,2.8,5.8,29.77,0.0,24.38,28.64,26.8,23.0,0,0,0
2025-08-25 17:00:00,31.3,34.0,10,10.0,16.6,29.78,0.0,24.22,28.74,28.4,23.2,0,0,0
2025-08-25 18:00:00,18.1,38.0,8,7.3,13.0,29.78,0.0,24.11,28.73,28.2,23.3,1,0,0
2025-08-25 19:00:00,27.3,46.0,11,4.5,8.6,29.8,0.0,24.01,28.67,27.3,23.3,0,0,0
2025-08-25 20:00:00,24.9,52.0,10,2.4,6.1,29.83,0.0,23.99,28.76,26.2,23.4,0,0,0
2025-08-25 21:00:00,22.8,58.0,10,2.7,4.0,29.86,0.0,23.99,29.17,24.7,23.4,0,0,0
2025-08-25 22:00:00,21.3,62.0,0,1.9,3.8,29.87,0.0,24.28,29.34,23.8,23.3,0,0,0
2025-08-25 23:00:00,19.8,66.0,0,2.7,4.5,29.88,0.0,24.25,29.44,22.9,23.2,0,0,0
2025-08-26 00:00:00,19.0,66.0,0,4.0,6.8,29.71,0.0,23.91,29.35,22.2,23.1,0,0,0
2025-08-26 01:00:00,17.9,69.0,0,2.5,4.3,29.9,0.0,23.89,29.51,21.0,23.1,0,0,0
2025-08-26 02:00:00,17.8,67.0,0,3.1,5.2,29.91,0.0,23.6,29.39,20.7,23.1,0,0,0
2025-08-26 03:00:00,16.4,71.0,0,3.1,4.5,29.91,0.0,23.43,29.36,19.8,23.1,0,0,0
2025-08-26 04:00:00,15.5,76.0,0,1.4,2.9,29.92,0.0,23.46,29.32,19.3,23.0,0,0,0
2025-08-26 05:00:00,14.3,79.0,0,2.6,4.4,29.93,0.0,23.48,29.28,18.1,22.9,0,0,0
2025-08-26 06:00:00,14.8,77.0,0,1.8,3.6,29.95,0.0,23.3,29.27,18.7,22.8,0,0,0
2025-08-26 07:00:00,14.2,80.0,0,2.9,5.1,29.98,0.0,23.12,29.1,18.0,22.8,0,0,0
2025-08-26 08:00:00,15.9,79.0,11,1.2,2.7,29.99,0.0,22.9,28.7,18.4,22.7,0,0,0
2025-08-26 09:00:00,19.7,66.0,15,3.8,7.2,29.99,0.0,22.95,28.8,20.1,22.7,0,0,0
2025-08-26 10:00:00,22.4,56.0,14,3.3,6.2,30.01,0.0,23.06,29.23,21.1,22.7,0,0,0
2025-08-26 11:00:00,24.7,48.0,15,2.5,4.3,30.01,0.0,23.07,29.47,22.2,22.6,0,0,0
2025-08-26 12:00:00,27.5,39.0,15,3.0,6.5,29.99,0.0,23.33,29.51,22.6,22.6,0,0,0
2025-08-26 13:00:00,28.9,32.0,14,3.9,8.8,29.98,0.0,23.49,29.6,23.6,22.6,0,0,0
2025-08-26 14:00:00,28.7,32.0,14,3.7,7.5,29.98,0.0,23.6,29.71,23.8,22.6,0,0,0
2025-08-26 15:00:00,27.3,42.0,9,5.9,9.3,29.97,0.0,23.62,29.5,24.2,22.7,0,0,0
2025-08-26 16:00:00,26.7,49.0,7,5.3,12.4,29.96,0.0,23.61,29.42,23.9,22.8,1,0,0
2025-08-26 17:00:00,26.7,50.0,9,4.7,8.4,29.96,0.0,23.59,29.48,24.0,23.2,0,0,0
2025-08-26 18:00:00,26.4,39.0,11,3.0,8.1,29.95,0.0,23.68,29.44,24.3,24.0,0,0,0
2025-08-26 19:00:00,25.2,44.0,12,1.8,3.7,29.96,0.0,23.65,29.42,25.2,23.5,0,0,0
2025-08-26 20:00:00,22.7,52.0,11,2.1,4.8,29.97,0.0,23.52,29.08,24.3,23.3,0,0,0
2025-08-26 21:00:00,21.1,58.0,0,2.4,4.2,29.98,0.0,23.42,29.38,23.2,23.2,0,0,0
2025-08-26 22:00:00,19.4,63.0,0,3.7,6.0,29.99,0.0,23.3,29.69,22.2,23.1,0,0,0
2025-08-26 23:00:00,18.1,69.0,0,2.0,3.7,30.0,0.0,23.33,29.73,21.3,23.0,0,0,0
2025-08-27 00:00:00,17.4,68.0,0,1.7,4.3,30.0,0.0,23.26,29.69,20.3,23.0,0,0,0
2025-08-27 01:00:00,16.7,70.0,0,0.9,2.6,30.0,0.0,22.93,29.69,19.6,22.8,0,0,0
2025-08-27 02:00:00,15.0,76.0,0,2.0,4.1,29.99,0.0,23.0,29.73,18.8,22.7,0,0,0
2025-08-27 03:00:00,14.7,77.0,0,2.7,4.8,29.98,0.0,22.79,29.45,18.6,22.6,0,0,0
2025-08-27 04:00:00,13.8,79.0,0,3.1,5.3,29.99,0.0,22.79,29.28,17.7,22.6,0,0,0
2025-08-27 05:00:00,13.9,71.0,0,2.6,4.7,29.99,0.0,22.68,29.19,17.3,22.6,0,0,0
2025-08-27 06:00:00,13.6,71.0,0,2.9,5.0,30.01,0.0,22.64,29.18,16.7,22.6,0,0,0
2025-08-27 07:00:00,12.8,84.0,14,3.2,5.3,30.03,0.0,22.62,28.85,16.0,22.6,0,0,0
2025-08-27 08:00:00,15.3,79.0,0,3.3,6.2,30.04,0.0,22.49,28.47,17.3,22.6,0,0,0
2025-08-27 09:00:00,18.2,67.0,13,5.5,10.2,30.05,0.0,22.43,28.34,18.3,22.6,0,0,0
2025-08-27 10:00:00,20.2,61.0,13,5.4,9.7,30.05,0.0,22.44,28.62,19.5,22.5,0,0,0
2025-08-27 11:00:00,22.4,49.0,11,8.5,14.3,30.04,0.0,22.41,29.25,20.6,22.5,0,0,0
2025-08-27 12:00:00,23.7,45.0,14,5.1,9.0,30.04,0.0,22.42,29.46,21.4,22.4,0,0,0
2025-08-27 13:00:00,24.6,41.0,11,8.3,16.0,30.03,0.0,22.75,29.4,22.2,22.4,0,0,0
2025-08-27 14:00:00,24.7,44.0,12,7.2,10.8,30.03,0.0,22.6,29.58,22.5,22.4,0,0,0
2025-08-27 15:00:00,24.1,44.0,12,6.2,13.0,30.02,0.0,22.73,29.57,22.9,22.4,0,0,0
2025-08-27 16:00:00,23.9,45.0,14,7.9,13.8,30.01,0.0,22.97,29.43,23.0,22.5,0,0,0
2025-08-27 17:00:00,23.7,44.0,15,6.3,12.3,30.02,0.0,23.05,29.14,23.4,22.5,0,0,0
2025-08-27 18:00:00,23.4,42.0,13,3.4,9.7,30.03,0.0,23.03,29.03,23.7,22.6,0,0,0
2025-08-27 19:00:00,22.6,44.0,13,2.7,6.1,30.04,0.0,22.93,28.75,23.6,22.6,0,0,0
2025-08-27 20:00:00,20.4,51.0,0,2.8,5.0,30.05,0.0,22.75,28.47,22.7,22.6,0,0,0
2025-08-27 21:00:00,18.9,56.0,0,2.6,3.9,30.07,0.0,22.57,28.32,21.7,22.6,0,0,0
2025-08-27 22:00:00,17.1,62.0,0,2.0,3.4,30.09,0.0,22.4,28.55,21.6,22.6,0,0,0
2025-08-27 23:00:00,15.8,66.0,0,2.1,3.7,30.09,0.0,22.4,29.18,20.9,22.5,0,0,0
2025-08-28 00:00:00,15.2,68.0,0,2.0,3.5,30.1,0.0,22.32,29.37,20.0,22.5,0,0,0
2025-08-28 01:00:00,14.6,71.0,0,1.9,3.4,30.11,0.0,22.23,29.19,19.3,22.5,0,0,0
2025-08-28 02:00:00,13.9,75.0,0,2.0,3.0,30.11,0.0,22.23,29.57,18.9,22.4,0,0,0
2025-08-28 03:00:00,13.2,78.0,0,2.0,3.8,30.11,0.0,22.02,29.61,18.6,22.4,0,0,0
2025-08-28 04:00:00,12.7,80.0,0,2.2,3.8,30.11,0.0,22.05,29.25,18.1,22.3,0,0,0
2025-08-28 05:00:00,13.2,80.0,0,2.5,3.8,30.11,0.0,21.98,28.87,18.5,22.2,0,0,0
2025-08-28 06:00:00,13.6,79.0,0,2.2,3.0,30.12,0.0,21.9,28.75,18.1,22.2,0,0,0
2025-08-28 07:00:00,13.5,80.0,0,2.2,3.3,30.12,0.0,21.88,28.6,17.4,22.2,0,0,0
2025-08-28 08:00:00,15.7,79.0,13,1.2,2.6,30.12,0.0,22.02,28.57,18.5,22.1,0,0,0
2025-08-28 09:00:00,20.3,63.0,11,2.5,4.0,30.12,0.0,22.09,28.55,19.7,22.1,0,0,0
2025-08-28 10:00:00,24.9,46.0,9,2.1,4.6,30.12,0.0,22.18,29.04,21.9,22.1,0,0,0
2025-08-28 11:00:00,26.9,39.0,9,4.1,7.0,30.12,0.0,22.2,29.32,22.8,22.1,0,0,0
2025-08-28 12:00:00,25.8,40.0,10,4.2,9.2,30.11,0.0,22.09,29.59,23.1,22.1,0,0,0
2025-08-28 13:00:00,26.6,44.0,8,6.0,10.5,30.09,0.0,22.37,29.59,23.5,22.1,1,0,0
2025-08-28 14:00:00,25.1,52.0,8,9.3,14.5,30.08,0.0,22.35,30.04,23.6,22.3,1,0,0
2025-08-28 15:00:00,27.1,47.0,12,10.8,15.9,30.05,0.0,22.83,30.34,23.8,22.6,0,0,0
2025-08-28 16:00:00,25.8,50.0,8,9.9,15.7,30.03,0.0,22.81,29.87,24.1,22.6,1,0,0
2025-08-28 17:00:00,24.3,54.0,9,10.0,18.7,30.03,0.0,22.59,29.79,24.1,22.6,0,0,0
2025-08-28 18:00:00,24.2,54.0,9,11.9,17.9,30.03,0.0,22.54,29.75,23.6,22.6,0,0,0
2025-08-28 19:00:00,23.2,30.0,8,11.0,13.4,30.02,0.0,22.39,29.63,23.3,22.5,1,0,0
2025-08-28 20:00:00,21.3,69.0,0,10.7,15.1,30.03,0.0,22.29,29.71,23.1,22.5,0,0,0
2025-08-28 21:00:00,20.9,67.0,0,10.3,15.9,30.03,0.0,22.18,29.69,22.9,22.5,0,0,0
2025-08-28 22:00:00,20.7,70.0,0,8.6,13.8,30.03,0.0,22.14,29.49,22.9,22.4,0,0,0
2025-08-28 23:00:00,20.1,71.0,0,5.2,9.0,30.02,0.0,22.07,29.65,22.8,22.5,0,0,0
2025-08-29 00:00:00,19.8,72.0,0,4.5,7.0,30.01,0.0,22.01,29.72,22.8,22.4,0,0,0
2025-08-29 01:00:00,18.7,73.0,0,3.3,6.1,30.01,0.0,21.88,29.91,20.7,22.4,0,0,0
2025-08-29 02:00:00,18.2,71.0,0,1.1,2.0,29.98,0.0,21.88,29.74,20.3,22.4,0,0,0
2025-08-29 03:00:00,17.7,73.0,0,0.6,1.6,29.97,0.0,21.88,29.5,20.6,22.3,0,0,0
2025-08-29 04:00:00,17.1,77.0,0,1.9,2.9,29.96,0.0,21.91,29.23,22.2,22.2,0,0,0
2025-08-29 05:00:00,16.8,82.0,0,0.9,2.2,29.95,0.0,21.82,29.06,21.8,22.2,0,0,0
2025-08-29 06:00:00,16.4,84.0,0,1.8,3.3,29.95,0.0,21.83,28.66,21.3,22.2,0,0,0
2025-08-29 07:00:00,16.4,85.0,0,2.0,3.4,29.95,0.0,21.81,28.1,20.6,22.2,0,0,0
2025-08-29 08:00:00,17.8,84.0,8,1.9,3.6,29.95,0.0,21.89,27.86,21.3,22.1,1,0,0
2025-08-29 09:00:00,21.6,74.0,11,4.3,7.8,29.95,0.0,21.99,27.67,21.5,22.1,0,0,0
2025-08-29 10:00:00,22.2,72.0,11,4.4,7.7,29.94,0.0,22.06,28.05,21.8,22.1,0,0,0
2025-08-29 11:00:00,23.8,59.0,14,2.6,5.6,29.93,0.0,22.3,28.68,21.9,22.1,0,0,0
2025-08-29 12:00:00,25.2,49.0,11,2.8,6.5,29.91,0.0,22.22,29.32,23.5,22.1,0,0,0
2025-08-29 13:00:00,26.7,44.0,12,3.4,7.3,29.91,0.0,22.42,29.46,24.3,22.1,0,0,0
2025-08-29 14:00:00,26.1,50.0,13,4.1,8.5,29.91,0.0,22.43,29.65,23.9,22.2,0,0,0
2025-08-29 15:00:00,26.2,48.0,12,5.8,9.6,29.89,0.0,22.71,30.18,24.4,22.3,0,0,0
2025-08-29 16:00:00,25.6,51.0,13,4.6,8.0,29.88,0.0,23.21,29.95,24.7,22.5,0,0,0
2025-08-29 17:00:00,25.8,49.0,15,6.0,11.3,29.88,0.0,22.92,29.8,24.7,22.8,0,0,0
2025-08-29 18:00:00,24.8,52.0,11,4.1,8.1,29.88,0.0,22.8,29.4,24.5,23.0,0,0,0
2025-08-29 19:00:00,23.6,55.0,12,2.5,5.3,29.89,0.0,22.66,29.19,24.3,23.3,0,0,0
2025-08-29 20:00:00,21.6,62.0,0,1.3,2.4,29.9,0.0,22.54,29.0,23.6,23.4,0,0,0
2025-08-29 21:00:00,19.3,67.0,0,3.2,7.8,29.91,0.0,22.41,28.74,23.2,23.3,0,0,0
2025-08-29 22:00:00,19.3,67.0,0,3.2,7.8,29.91,0.0,22.36,28.48,22.4,23.1,0,0,0
2025-08-29 23:00:00,17.9,68.0,0,2.6,4.9,29.91,0.0,22.22,28.59,26.6,23.0,0,0,0
2025-08-30 00:00:00,17.6,65.0,0,4.6,7.9,29.93,0.0,22.04,28.96,19.8,22.9,0,0,0
2025-08-30 01:00:00,16.9,66.0,0,4.7,9.0,29.94,0.0,21.87,29.21,19.1,22.7,0,0,0
2025-08-30 02:00:00,16.1,68.0,0,3.7,8.4,29.96,0.0,21.79,29.28,18.3,22.6,0,0,0
2025-08-30 03:00:00,15.1,67.0,0,4.7,8.2,29.96,0.0,21.73,29.02,17.7,22.5,0,0,0
2025-08-30 04:00:00,14.4,66.0,0,4.7,9.0,29.96,0.0,21.78,29.02,16.9,22.4,0,0,0
2025-08-30 05:00:00,13.7,68.0,0,2.8,4.5,29.98,0.0,21.79,29.23,16.6,22.3,0,0,0
2025-08-30 06:00:00,12.3,72.0,15,2.2,4.0,29.99,0.0,21.73,29.3,16.1,22.3,0,0,0
2025-08-30 07:00:00,11.6,77.0,0,3.6,6.7,30.01,0.0,21.52,29.17,14.9,22.2,0,0,0
2025-08-30 08:00:00,13.8,73.0,15,3.0,6.2,30.02,0.0,21.37,28.88,15.9,22.2,0,0,0
2025-08-30 09:00:00,16.8,63.0,0,5.1,10.4,30.03,0.0,21.42,28.53,17.3,22.1,0,0,0
2025-08-30 10:00:00,18.2,58.0,0,4.7,10.5,30.05,0.0,21.49,28.41,17.9,22.1,0,0,0
2025-08-30 11:00:00,20.8,51.0,0,4.1,8.2,30.04,0.0,21.65,28.52,18.8,22.1,0,0,0
2025-08-30 12:00:00,22.1,45.0,0,6.4,11.5,30.03,0.0,21.72,28.88,20.2,22.1,0,0,0
2025-08-30 13:00:00,22.8,43.0,0,4.3,9.3,30.02,0.0,21.77,29.42,20.7,22.1,0,0,0
2025-08-30 14:00:00,23.9,40.0,13,6.9,11.7,30.01,0.0,22.17,29.5,21.7,22.1,0,0,0
2025-08-30 15:00:00,23.7,39.0,15,2.7,9.7,30.0,0.0,21.88,29.9,22.4,22.1,0,0,0
2025-08-30 16:00:00,24.9,39.0,15,2.6,5.1,30.0,0.0,22.59,31.0,22.6,22.2,0,0,0
2025-08-30 17:00:00,23.5,46.0,6,2.9,7.8,30.01,0.0,22.58,30.22,22.1,22.3,1,0,0
2025-08-30 18:00:00,22.5,48.0,9,4.6,10.2,30.03,0.0,22.09,30.05,22.1,22.5,0,0,0
2025-08-30 19:00:00,21.4,54.0,8,4.9,8.5,30.03,0.0,22.06,29.95,21.8,22.7,1,0,0
2025-08-30 20:00:00,19.4,61.0,0,3.2,6.5,30.05,0.0,22.17,29.84,21.2,22.8,0,0,0
2025-08-30 21:00:00,17.9,67.0,0,4.1,6.4,30.07,0.0,22.12,29.73,21.1,22.7,0,0,0
2025-08-30 22:00:00,16.7,73.0,0,1.9,3.4,30.07,0.0,21.88,29.35,20.9,22.6,0,0,0
2025-08-30 23:00:00,15.8,77.0,0,1.4,2.9,30.08,0.0,21.76,29.29,21.2,22.5,0,0,0
2025-08-31 00:00:00,14.8,81.0,0,1.5,3.0,30.08,0.0,21.62,29.44,19.8,22.4,0,0,0
2025-08-31 01:00:00,14.6,83.0,0,1.6,3.3,30.09,0.0,21.52,29.68,18.6,22.3,0,0,0
2025-08-31 02:00:00,13.8,82.0,0,2.1,4.2,30.09,0.0,21.36,29.62,18.3,22.3,0,0,0
2025-08-31 03:00:00,13.6,76.0,0,2.4,4.7,30.09,0.0,21.25,29.72,18.7,22.3,0,0,0
2025-08-31 04:00:00,13.4,75.0,0,2.5,4.7,30.1,0.0,21.19,29.52,17.5,22.2,0,0,0
2025-08-31 05:00:00,13.2,75.0,0,2.2,4.7,30.11,0.0,21.25,29.35,17.1,22.1,0,0,0
2025-08-31 06:00:00,12.9,75.0,0,2.8,5.1,30.11,0.0,21.28,29.49,16.6,22.1,0,0,0
2025-08-31 07:00:00,12.9,75.0,0,3.2,5.9,30.14,0.0,21.05,29.22,16.3,22.1,0,0,0
2025-08-31 08:00:00,15.1,74.0,0,3.6,6.2,30.15,0.0,21.03,28.9,17.0,22.1,0,0,0
2025-08-31 09:00:00,19.2,67.0,1,4.2,7.9,30.16,0.0,21.13,28.61,18.9,22.1,1,0,0
2025-08-31 10:00:00,21.7,60.0,1,6.2,11.3,30.16,0.0,21.27,28.54,20.8,22.1,1,0,0
2025-08-31 11:00:00,22.6,56.0,2,5.4,12.6,30.17,0.0,21.45,28.66,20.9,22.1,1,0,0
2025-08-31 12:00:00,22.7,56.0,2,5.8,10.5,30.17,0.0,21.7,28.92,20.9,22.0,1,0,0
2025-08-31 13:00:00,23.2,51.0,3,5.2,10.5,30.16,0.0,21.69,29.32,21.1,22.0,1,0,0
2025-08-31 14:00:00,23.9,50.0,3,5.4,9.9,30.16,0.0,21.48,29.78,21.6,22.0,1,0,0
2025-08-31 15:00:00,23.8,47.0,3,5.0,11.4,30.14,0.0,22.13,29.53,22.3,22.1,1,0,0
2025-08-31 16:00:00,22.9,54.0,3,4.6,10.5,30.13,0.0,21.94,30.39,22.1,22.1,1,0,0
2025-08-31 17:00:00,23.2,55.0,3,3.2,6.8,30.13,0.0,22.87,30.59,22.1,22.1,1,0,0
2025-08-31 18:00:00,22.1,61.0,3,1.5,3.8,30.14,0.0,22.41,30.11,21.9,22.3,1,0,0
2025-08-31 19:00:00,21.0,66.0,0,0.6,2.0,30.13,0.0,22.02,29.95,21.8,22.4,0,0,0
2025-08-31 20:00:00,19.6,71.0,0,1.3,2.3,30.13,0.0,22.2,29.9,21.6,22.5,0,0,0
2025-08-31 21:00:00,17.9,48.0,0,0.3,1.0,30.15,0.0,22.19,29.79,21.7,22.4,0,0,0
2025-08-31 22:00:00,17.7,78.0,0,0.0,0.6,30.16,0.0,22.06,29.75,21.4,22.4,0,0,0
2025-08-31 23:00:00,16.8,81.0,2,1.0,2.3,30.15,0.0,22.01,29.8,21.4,22.3,1,0,0
